date,predicted_price,baseline_log_price,baseline_price,predicted_log_price,active_feature_count,top_positive_feature,top_positive_contribution_log,top_negative_feature,top_negative_contribution_log,top_driver_1_feature,top_driver_1_value,top_driver_1_contribution_log,top_driver_1_multiplier,top_driver_2_feature,top_driver_2_value,top_driver_2_contribution_log,top_driver_2_multiplier,top_driver_3_feature,top_driver_3_value,top_driver_3_contribution_log,top_driver_3_multiplier,top_driver_4_feature,top_driver_4_value,top_driver_4_contribution_log,top_driver_4_multiplier,top_driver_5_feature,top_driver_5_value,top_driver_5_contribution_log,top_driver_5_multiplier
2026-04-06,283.632080078125,5.8206963539123535,336.206787109375,5.65119743347168,89,location_city_Seattle,0.01994025520980358,bedrooms,-0.07024141401052475,bedrooms,2.0,-0.07024141401052475,0.9321687541426036,accommodates,5.0,-0.021259086206555367,0.9789652953050649,location_city_Seattle,0.0,0.01994025520980358,1.0201403901324753,days_since_first_seen,0.0,-0.019304780289530754,0.980880363679449,day_of_week_mon,1.0,-0.01896137185394764,0.9812172641145491
2026-04-07,282.7592468261719,5.8206963539123535,336.206787109375,5.648126125335693,89,location_city_Seattle,0.020687123760581017,bedrooms,-0.07142921537160873,bedrooms,2.0,-0.07142921537160873,0.9310621801528215,accommodates,5.0,-0.021146045997738838,0.9790759640013588,location_city_Seattle,0.0,0.020687123760581017,1.0209025855016882,days_since_first_seen,0.0,-0.019167596474289894,0.981014933820245,day_of_week_tue,1.0,-0.019043659791350365,0.9811365250917106
2026-04-08,276.2525939941406,5.8206963539123535,336.206787109375,5.624928951263428,89,location_city_Seattle,0.021318448707461357,bedrooms,-0.07425162196159363,bedrooms,2.0,-0.07425162196159363,0.9284380490443201,days_until_stay,2.0,-0.02833162248134613,0.9720659544207677,accommodates,5.0,-0.02320505492389202,0.977062111833373,location_city_Seattle,0.0,0.021318448707461357,1.02154731026625,days_since_first_seen,0.0,-0.02127271518111229,0.9789519531028835
2026-04-09,289.9436340332031,5.8206963539123535,336.206787109375,5.673129558563232,89,day_of_week_thu,0.024223586544394493,bedrooms,-0.08109743893146515,bedrooms,2.0,-0.08109743893146515,0.9221038382543804,accommodates,5.0,-0.02545902132987976,0.9748623267089317,day_of_week_thu,1.0,0.024223586544394493,1.024519361027783,days_since_first_seen,0.0,-0.02133110538125038,0.9788947935712108,location_city_Seattle,0.0,0.020151536911725998,1.0203559499014179
2026-04-10,287.81744384765625,5.8206963539123535,336.206787109375,5.665794849395752,89,is_weekend,0.033466700464487076,bedrooms,-0.10573824495077133,bedrooms,2.0,-0.10573824495077133,0.8996601078340045,is_weekend,1.0,0.033466700464487076,1.0340330103340245,accommodates,5.0,-0.02239403687417507,0.9778548482600878,days_until_stay,4.0,-0.021583572030067444,0.9786476864775958,days_since_first_seen,0.0,-0.020912759006023407,0.9793043963317711
2026-04-11,281.37261962890625,5.8206963539123535,336.206787109375,5.643227577209473,89,is_weekend,0.0333804115653038,bedrooms,-0.10754118114709854,bedrooms,2.0,-0.10754118114709854,0.8980395393909334,is_weekend,1.0,0.0333804115653038,1.0339437886133211,days_until_stay,5.0,-0.027891507372260094,0.9724938694933736,days_since_first_seen,0.0,-0.02246444672346115,0.9777860000714219,accommodates,5.0,-0.02088574506342411,0.9793308515618493
2026-04-12,285.1883239746094,5.8206963539123535,336.206787109375,5.656650066375732,89,location_city_Seattle,0.019711045548319817,bedrooms,-0.07742675393819809,bedrooms,2.0,-0.07742675393819809,0.925494810764171,accommodates,5.0,-0.024934420362114906,0.9753738745964874,days_since_first_seen,0.0,-0.021294549107551575,0.9789305789712933,location_city_Seattle,0.0,0.019711045548319817,1.0199065908945328,location_city_Redwood City,0.0,-0.01781848631799221,0.9823393242043238
2026-04-13,268.430419921875,5.8206963539123535,336.206787109375,5.596310138702393,89,location_city_Seattle,0.020214740186929703,bedrooms,-0.07828359305858612,bedrooms,2.0,-0.07828359305858612,0.9247021502443592,day_of_week_mon,1.0,-0.02299753576517105,0.9772648919804938,days_until_stay,7.0,-0.02285834029316902,0.9774009322962823,accommodates,5.0,-0.022743986919522285,0.977512707781126,location_city_Seattle,0.0,0.020214740186929703,1.0204204417773526
2026-04-14,268.1927185058594,5.8206963539123535,336.206787109375,5.595427513122559,89,location_city_Seattle,0.020594045519828796,bedrooms,-0.08186451345682144,bedrooms,2.0,-0.08186451345682144,0.9213967871054536,days_until_stay,8.0,-0.023693203926086426,0.9765852763312556,day_of_week_tue,1.0,-0.022376082837581635,0.9778724048594221,accommodates,5.0,-0.020775016397237778,0.9794392975647277,location_city_Seattle,0.0,0.020594045519828796,1.020807566107238
2026-04-15,273.69952392578125,5.8206963539123535,336.206787109375,5.615677833557129,89,location_city_Seattle,0.01944705657660961,bedrooms,-0.08480839431285858,bedrooms,2.0,-0.08480839431285858,0.9186882934404859,accommodates,5.0,-0.022835079580545425,0.9774236676029052,days_since_first_seen,0.0,-0.02074737288057804,0.9794663730854967,location_city_Seattle,0.0,0.01944705657660961,1.0196373823379705,location_city_Redwood City,0.0,-0.017856910824775696,0.9823015790254719
2026-04-16,284.8123474121094,5.8206963539123535,336.206787109375,5.655335426330566,89,location_city_Seattle,0.02035660855472088,bedrooms,-0.0968361347913742,bedrooms,2.0,-0.0968361347913742,0.907704735172982,accommodates,5.0,-0.02408105880022049,0.9762065764168741,days_until_stay,10.0,-0.021689830347895622,0.978543702545361,days_since_first_seen,0.0,-0.020713023841381073,0.9795000173921594,location_city_Seattle,0.0,0.02035660855472088,1.0205652174291882
2026-04-17,299.4764709472656,5.8206963539123535,336.206787109375,5.705369472503662,89,is_weekend,0.03747481852769852,bedrooms,-0.12117773294448853,bedrooms,2.0,-0.12117773294448853,0.8858764961619544,is_weekend,1.0,0.03747481852769852,1.0381858537043431,days_since_first_seen,0.0,-0.021159537136554718,0.979062755240718,accommodates,5.0,-0.019885489717125893,0.9803109225608327,location_city_Seattle,0.0,0.017867356538772583,1.018027932685042
2026-04-18,298.5484619140625,5.8206963539123535,336.206787109375,5.702276229858398,89,is_weekend,0.03759399801492691,bedrooms,-0.12067806720733643,bedrooms,2.0,-0.12067806720733643,0.8863192488994097,is_weekend,1.0,0.03759399801492691,1.0383095915353946,days_since_first_seen,0.0,-0.022324461489915848,0.9779228852537278,accommodates,5.0,-0.01860201731324196,0.9815699323564994,location_city_Redwood City,0.0,-0.017458567395806313,0.9826929503496654
2026-04-19,288.18817138671875,5.8206963539123535,336.206787109375,5.667077541351318,89,location_city_Seattle,0.01851855404675007,bedrooms,-0.09248644858598709,bedrooms,2.0,-0.09248644858598709,0.9116615651840625,days_since_first_seen,0.0,-0.020691372454166412,0.9795212251559007,accommodates,5.0,-0.019641948863863945,0.9805496973939083,location_city_Seattle,0.0,0.01851855404675007,1.018691085836263,location_city_Redwood City,0.0,-0.017702359706163406,0.9824534065655808
2026-04-20,280.38458251953125,5.8206963539123535,336.206787109375,5.6397223472595215,89,location_city_Seattle,0.018328296020627022,bedrooms,-0.0907546877861023,bedrooms,2.0,-0.0907546877861023,0.9132417127693283,accommodates,5.0,-0.019983509555459023,0.9802148373518924,day_of_week_mon,1.0,-0.019638292491436005,0.9805532826553406,location_city_Seattle,0.0,0.018328296020627022,1.018497290117223,days_since_first_seen,0.0,-0.018219292163848877,0.9819456757541377
2026-04-21,283.0107421875,5.8206963539123535,336.206787109375,5.649012088775635,89,rating,0.01803211309015751,bedrooms,-0.08517441898584366,bedrooms,2.0,-0.08517441898584366,0.9183520923909972,accommodates,5.0,-0.019362768158316612,0.9808234861667441,day_of_week_tue,1.0,-0.018712477758526802,0.9814615136927902,days_since_first_seen,0.0,-0.018265554681420326,0.9819002495258329,rating,4.91,0.01803211309015751,1.0181956732742459
2026-04-22,281.534912109375,5.8206963539123535,336.206787109375,5.643802165985107,89,location_city_Seattle,0.017261037603020668,bedrooms,-0.08717463165521622,bedrooms,2.0,-0.08717463165521622,0.9165170287714204,days_since_first_seen,0.0,-0.020810142159461975,0.9794048946170668,accommodates,5.0,-0.01993492990732193,0.9802624570004532,location_city_Redwood City,0.0,-0.017729729413986206,0.9824265174708685,location_city_Seattle,0.0,0.017261037603020668,1.0174108701595814
2026-04-23,292.8949279785156,5.8206963539123535,336.206787109375,5.68322229385376,89,days_until_stay,0.01944086141884327,bedrooms,-0.0966009795665741,bedrooms,2.0,-0.0966009795665741,0.9079182117831202,days_since_first_seen,0.0,-0.02176205813884735,0.9784730270477747,accommodates,5.0,-0.020993929356336594,0.9792249090769054,days_until_stay,17.0,0.01944086141884327,1.0196310655430894,location_city_Redwood City,0.0,-0.01761237159371376,0.9825418196712119
2026-04-24,291.9608459472656,5.8206963539123535,336.206787109375,5.680038928985596,89,is_weekend,0.03319864720106125,bedrooms,-0.12028244882822037,bedrooms,2.0,-0.12028244882822037,0.8866699624538283,is_weekend,1.0,0.03319864720106125,1.0337558715567507,days_since_first_seen,0.0,-0.02025345154106617,0.9799502719226412,accommodates,5.0,-0.018948249518871307,0.9812301400607525,location_city_Redwood City,0.0,-0.017435802146792412,0.9827153218540298
2026-04-25,291.1534118652344,5.8206963539123535,336.206787109375,5.677278995513916,89,is_weekend,0.03346335515379906,bedrooms,-0.12232597172260284,bedrooms,2.0,-0.12232597172260284,0.8848598821859325,is_weekend,1.0,0.03346335515379906,1.0340295511781292,days_since_first_seen,0.0,-0.020821867510676384,0.9793934108180222,accommodates,5.0,-0.017920371145009995,0.9822392438306269,location_city_Redwood City,0.0,-0.017385045066475868,0.9827652028804463
2026-04-26,296.6285095214844,5.8206963539123535,336.206787109375,5.695846080780029,89,days_until_stay,0.03133414313197136,bedrooms,-0.09770791232585907,bedrooms,2.0,-0.09770791232585907,0.9069137634027172,days_until_stay,20.0,0.03133414313197136,1.031830225273309,accommodates,5.0,-0.021412422880530357,0.9788151955309401,days_since_first_seen,0.0,-0.020402729511260986,0.9798039978531765,location_city_Redwood City,0.0,-0.017681065946817398,0.9824743269147245
2026-04-27,283.5010070800781,5.8206963539123535,336.206787109375,5.6507368087768555,89,location_city_Seattle,0.016016937792301178,bedrooms,-0.0949242040514946,bedrooms,2.0,-0.0949242040514946,0.909441863864596,accommodates,5.0,-0.019176587462425232,0.9810061135662658,location_city_Redwood City,0.0,-0.017706552520394325,0.982449287329592,day_of_week_mon,1.0,-0.017325401306152344,0.9828238204407297,days_since_first_seen,0.0,-0.016700107604265213,0.9834385661640004
2026-04-28,283.4822998046875,5.8206963539123535,336.206787109375,5.650671005249023,89,days_until_stay,0.019389618188142776,bedrooms,-0.094272181391716,bedrooms,2.0,-0.094272181391716,0.9100350339267331,day_of_week_tue,1.0,-0.019966213032603264,0.9802317918068564,days_until_stay,22.0,0.019389618188142776,1.019578817691854,accommodates,5.0,-0.018141675740480423,0.9820218938232805,location_city_Redwood City,0.0,-0.017920825630426407,0.9822387974173166
2026-04-29,283.8089904785156,5.8206963539123535,336.206787109375,5.651818752288818,89,location_city_Seattle,0.01686442829668522,bedrooms,-0.09719666838645935,bedrooms,2.0,-0.09719666838645935,0.9073775361082062,days_since_first_seen,0.0,-0.01921442337334156,0.9809689970085184,accommodates,5.0,-0.01883615180850029,0.981340139878049,location_city_Redwood City,0.0,-0.0182788223028183,0.981887222131493,location_city_Seattle,0.0,0.01686442829668522,1.0170074355483583
2026-04-30,284.2137145996094,5.8206963539123535,336.206787109375,5.653238773345947,89,location_city_Seattle,0.016905860975384712,bedrooms,-0.09957330673933029,bedrooms,2.0,-0.09957330673933029,0.905223588446534,accommodates,5.0,-0.0198459941893816,0.9803496412226748,days_since_first_seen,0.0,-0.01927800290286541,0.9809066294438823,location_city_Redwood City,0.0,-0.01823226548731327,0.9819329367378955,location_city_Seattle,0.0,0.016905860975384712,1.0170495737636138
2026-05-01,305.173828125,5.8206963539123535,336.206787109375,5.7241530418396,89,is_weekend,0.034545402973890305,bedrooms,-0.13057012856006622,bedrooms,2.0,-0.13057012856006622,0.8775949463207687,is_weekend,1.0,0.034545402973890305,1.0351490261533938,days_until_stay,25.0,0.029510395601391792,1.0299501423673727,days_since_first_seen,0.0,-0.022341521456837654,0.9779062020639611,accommodates,5.0,-0.018930096179246902,0.9812479528264149
2026-05-02,303.5545349121094,5.8206963539123535,336.206787109375,5.718850135803223,89,is_weekend,0.034642480313777924,bedrooms,-0.13019421696662903,bedrooms,2.0,-0.13019421696662903,0.8779249064494659,is_weekend,1.0,0.034642480313777924,1.0352495205450252,days_until_stay,26.0,0.032059937715530396,1.0325793939003436,days_since_first_seen,0.0,-0.02375112846493721,0.9765287097177889,location_city_Redwood City,0.0,-0.018824366852641106,0.9813517049964274
2026-05-03,299.75299072265625,5.8206963539123535,336.206787109375,5.706289291381836,89,days_until_stay,0.022283846512436867,bedrooms,-0.10330571234226227,bedrooms,2.0,-0.10330571234226227,0.9018512242835497,days_until_stay,27.0,0.022283846512436867,1.0225339859879163,days_since_first_seen,0.0,-0.021541252732276917,0.9786891030368255,location_city_Redwood City,0.0,-0.019056856632232666,0.9811235772745405,accommodates,5.0,-0.0183276254683733,0.9818393040961204
2026-05-04,294.8331298828125,5.8206963539123535,336.206787109375,5.68979549407959,89,days_until_stay,0.032463155686855316,bedrooms,-0.10097033530473709,bedrooms,2.0,-0.10097033530473709,0.9039598481815545,days_until_stay,28.0,0.032463155686855316,1.0329958324208894,days_since_first_seen,0.0,-0.020601077005267143,0.9796096754579022,location_city_Redwood City,0.0,-0.018706126138567924,0.981467747583127,accommodates,5.0,-0.017032599076628685,0.9831116355809848
2026-05-05,288.35906982421875,5.8206963539123535,336.206787109375,5.667668342590332,89,days_until_stay,0.02267737127840519,bedrooms,-0.09950030595064163,bedrooms,2.0,-0.09950030595064163,0.9052896728945092,days_until_stay,29.0,0.02267737127840519,1.0229364576215307,days_since_first_seen,0.0,-0.02115759253501892,0.9790646591295066,day_of_week_tue,1.0,-0.019002890214323997,0.9811765264282569,location_city_Redwood City,0.0,-0.018738549202680588,0.9814359259073036
