bedrooms,baths,accommodates,beds,similarity_score,pool_score,effective_rank_score,price_reliability_score,rating,reviews,tenure_runs,is_weekend,is_holiday,lat,lng,has_wifi,has_kitchen,has_washer,has_dryer,has_ac,has_heating,has_pool,has_hot_tub,has_free_parking,has_ev_charger,has_gym,has_bbq,property_type_entire_home,debug_price_date,last_nightly_price
2.0,2.0,6.0,0.0,0.712,0.712,0.712,1.0,4.91,80.0,1.0,0.0,0.0,0.0,0.0,0.0,0.0,0.0,0.0,0.0,0.0,0.0,0.0,0.0,0.0,0.0,0.0,True,2026-03-31,269.0
2.0,0.0,0.0,0.0,0.567,0.567,0.567,1.0,4.61,0.0,3.0,0.0,0.0,0.0,0.0,0.0,0.0,0.0,0.0,0.0,0.0,0.0,0.0,0.0,0.0,0.0,0.0,True,2026-03-31,257.0
5.0,0.0,0.0,0.0,0.547,0.547,0.547,1.0,0.0,0.0,1.0,0.0,0.0,0.0,0.0,0.0,0.0,0.0,0.0,0.0,0.0,0.0,0.0,0.0,0.0,0.0,0.0,True,2026-03-31,418.5
5.0,0.0,0.0,0.0,0.547,0.547,0.547,1.0,4.96,0.0,1.0,0.0,0.0,0.0,0.0,0.0,0.0,0.0,0.0,0.0,0.0,0.0,0.0,0.0,0.0,0.0,0.0,True,2026-03-31,312.5
5.0,0.0,0.0,0.0,0.547,0.547,0.547,1.0,4.85,0.0,1.0,0.0,0.0,0.0,0.0,0.0,0.0,0.0,0.0,0.0,0.0,0.0,0.0,0.0,0.0,0.0,0.0,True,2026-03-31,370.0
5.0,0.0,0.0,0.0,0.547,0.547,0.547,1.0,4.92,0.0,1.0,0.0,0.0,0.0,0.0,0.0,0.0,0.0,0.0,0.0,0.0,0.0,0.0,0.0,0.0,0.0,0.0,True,2026-03-31,421.0
5.0,3.0,16.0,0.0,0.686,0.686,0.686,1.0,4.67,21.0,1.0,0.0,0.0,0.0,0.0,0.0,0.0,0.0,0.0,0.0,0.0,0.0,0.0,0.0,0.0,0.0,0.0,True,2026-03-31,264.0
5.0,3.0,16.0,0.0,0.666,0.666,0.666,1.0,4.42,161.0,1.0,0.0,0.0,0.0,0.0,0.0,0.0,0.0,0.0,0.0,0.0,0.0,0.0,0.0,0.0,0.0,0.0,True,2026-03-31,280.5
5.0,2.0,10.0,0.0,0.567,0.567,0.567,1.0,4.9,61.0,1.0,0.0,0.0,0.0,0.0,0.0,0.0,0.0,0.0,0.0,0.0,0.0,0.0,0.0,0.0,0.0,0.0,True,2026-03-31,335.5
5.0,5.0,10.0,0.0,0.567,0.567,0.567,0.0,4.97,32.0,1.0,0.0,0.0,0.0,0.0,0.0,0.0,0.0,0.0,0.0,0.0,0.0,0.0,0.0,0.0,0.0,0.0,True,2026-03-31,571.0
5.0,3.0,10.0,0.0,0.567,0.567,0.567,1.0,4.88,58.0,1.0,0.0,0.0,0.0,0.0,0.0,0.0,0.0,0.0,0.0,0.0,0.0,0.0,0.0,0.0,0.0,0.0,True,2026-03-31,228.0
2.0,1.0,5.0,0.0,0.98,0.98,0.98,1.0,5.0,58.0,3.0,0.0,0.0,0.0,0.0,0.0,0.0,0.0,0.0,0.0,0.0,0.0,0.0,0.0,0.0,0.0,0.0,True,2026-03-31,380.0
3.0,2.0,8.0,0.0,0.667,0.667,0.667,1.0,4.97,75.0,2.0,0.0,0.0,0.0,0.0,0.0,0.0,0.0,0.0,0.0,0.0,0.0,0.0,0.0,0.0,0.0,0.0,True,2026-03-31,254.0
5.0,5.0,10.0,0.0,0.567,0.567,0.567,1.0,4.67,57.0,1.0,0.0,0.0,0.0,0.0,0.0,0.0,0.0,0.0,0.0,0.0,0.0,0.0,0.0,0.0,0.0,0.0,True,2026-03-31,611.0
5.0,0.0,0.0,0.0,0.567,0.567,0.567,1.0,4.86,0.0,1.0,0.0,0.0,0.0,0.0,0.0,0.0,0.0,0.0,0.0,0.0,0.0,0.0,0.0,0.0,0.0,0.0,True,2026-03-31,480.5
5.0,0.0,0.0,0.0,0.567,0.567,0.567,0.0,4.64,0.0,1.0,0.0,0.0,0.0,0.0,0.0,0.0,0.0,0.0,0.0,0.0,0.0,0.0,0.0,0.0,0.0,0.0,True,2026-03-31,670.0
5.0,4.0,0.0,0.0,0.564,0.564,0.564,1.0,4.9,0.0,1.0,0.0,0.0,0.0,0.0,0.0,0.0,0.0,0.0,0.0,0.0,0.0,0.0,0.0,0.0,0.0,0.0,True,2026-03-31,425.0
5.0,0.0,0.0,0.0,0.547,0.547,0.547,1.0,4.85,0.0,1.0,0.0,0.0,0.0,0.0,0.0,0.0,0.0,0.0,0.0,0.0,0.0,0.0,0.0,0.0,0.0,0.0,True,2026-03-31,350.0
5.0,0.0,0.0,0.0,0.547,0.547,0.547,1.0,4.96,0.0,1.0,0.0,0.0,0.0,0.0,0.0,0.0,0.0,0.0,0.0,0.0,0.0,0.0,0.0,0.0,0.0,0.0,True,2026-03-31,375.0
5.0,0.0,0.0,0.0,0.547,0.547,0.547,1.0,5.0,0.0,1.0,0.0,0.0,0.0,0.0,0.0,0.0,0.0,0.0,0.0,0.0,0.0,0.0,0.0,0.0,0.0,0.0,True,2026-03-31,558.5
5.0,0.0,0.0,0.0,0.547,0.547,0.547,1.0,0.0,0.0,1.0,0.0,0.0,0.0,0.0,0.0,0.0,0.0,0.0,0.0,0.0,0.0,0.0,0.0,0.0,0.0,0.0,True,2026-03-31,418.5
5.0,0.0,0.0,0.0,0.547,0.547,0.547,1.0,4.91,0.0,1.0,0.0,0.0,0.0,0.0,0.0,0.0,0.0,0.0,0.0,0.0,0.0,0.0,0.0,0.0,0.0,0.0,True,2026-03-31,496.0
5.0,0.0,0.0,0.0,0.547,0.547,0.547,1.0,4.92,0.0,1.0,0.0,0.0,0.0,0.0,0.0,0.0,0.0,0.0,0.0,0.0,0.0,0.0,0.0,0.0,0.0,0.0,True,2026-03-31,421.0
3.0,2.0,6.0,0.0,0.667,0.667,0.667,1.0,4.91,32.0,2.0,0.0,0.0,0.0,0.0,0.0,0.0,0.0,0.0,0.0,0.0,0.0,0.0,0.0,0.0,0.0,0.0,True,2026-03-31,232.0
3.0,2.0,6.0,0.0,0.667,0.667,0.667,1.0,4.92,24.0,2.0,0.0,0.0,0.0,0.0,0.0,0.0,0.0,0.0,0.0,0.0,0.0,0.0,0.0,0.0,0.0,0.0,True,2026-03-31,229.0
3.0,2.0,11.0,0.0,0.619,0.619,0.619,1.0,4.9,29.0,2.0,0.0,0.0,0.0,0.0,0.0,0.0,0.0,0.0,0.0,0.0,0.0,0.0,0.0,0.0,0.0,0.0,True,2026-03-31,280.0
3.0,2.0,6.0,0.0,0.567,0.567,0.567,1.0,4.89,142.0,2.0,0.0,0.0,0.0,0.0,0.0,0.0,0.0,0.0,0.0,0.0,0.0,0.0,0.0,0.0,0.0,0.0,True,2026-03-31,179.0
3.0,0.0,0.0,0.0,0.567,0.567,0.567,1.0,4.92,0.0,2.0,0.0,0.0,0.0,0.0,0.0,0.0,0.0,0.0,0.0,0.0,0.0,0.0,0.0,0.0,0.0,0.0,True,2026-03-31,277.5
3.0,0.0,0.0,0.0,0.567,0.567,0.567,1.0,5.0,0.0,2.0,0.0,0.0,0.0,0.0,0.0,0.0,0.0,0.0,0.0,0.0,0.0,0.0,0.0,0.0,0.0,0.0,True,2026-03-31,358.0
3.0,2.0,9.0,0.0,0.567,0.567,0.567,1.0,4.72,69.0,2.0,0.0,0.0,0.0,0.0,0.0,0.0,0.0,0.0,0.0,0.0,0.0,0.0,0.0,0.0,0.0,0.0,True,2026-03-31,185.0
2.0,0.0,0.0,0.0,0.567,0.567,0.567,1.0,4.9,0.0,1.0,0.0,0.0,0.0,0.0,0.0,0.0,0.0,0.0,0.0,0.0,0.0,0.0,0.0,0.0,0.0,0.0,True,2026-03-31,362.5
2.0,0.0,0.0,0.0,0.549,0.549,0.549,1.0,4.74,0.0,1.0,0.0,0.0,0.0,0.0,0.0,0.0,0.0,0.0,0.0,0.0,0.0,0.0,0.0,0.0,0.0,0.0,True,2026-03-31,258.5
3.0,2.0,0.0,0.0,0.536,0.536,0.536,1.0,4.69,0.0,1.0,0.0,0.0,0.0,0.0,0.0,0.0,0.0,0.0,0.0,0.0,0.0,0.0,0.0,0.0,0.0,0.0,True,2026-03-31,398.5
3.0,2.0,0.0,0.0,0.536,0.536,0.536,1.0,5.0,0.0,1.0,0.0,0.0,0.0,0.0,0.0,0.0,0.0,0.0,0.0,0.0,0.0,0.0,0.0,0.0,0.0,0.0,True,2026-03-31,410.5
5.0,3.0,11.0,0.0,0.686,0.686,0.686,1.0,5.0,0.0,2.0,0.0,0.0,0.0,0.0,0.0,0.0,0.0,0.0,0.0,0.0,0.0,0.0,0.0,0.0,0.0,0.0,True,2026-03-31,608.5
2.0,2.0,5.0,0.0,0.686,0.686,0.686,1.0,4.71,169.0,2.0,0.0,0.0,0.0,0.0,0.0,0.0,0.0,0.0,0.0,0.0,0.0,0.0,0.0,0.0,0.0,0.0,True,2026-03-31,215.0
2.0,2.0,6.0,0.0,0.686,0.669,0.669,1.0,4.69,124.0,2.0,0.0,0.0,0.0,0.0,0.0,0.0,0.0,0.0,0.0,0.0,0.0,0.0,0.0,0.0,0.0,0.0,True,2026-03-31,290.5
2.0,0.0,0.0,0.0,0.567,0.567,0.567,1.0,4.95,0.0,2.0,0.0,0.0,0.0,0.0,0.0,0.0,0.0,0.0,0.0,0.0,0.0,0.0,0.0,0.0,0.0,0.0,True,2026-03-31,359.0
3.0,0.0,0.0,0.0,0.567,0.567,0.567,1.0,0.0,0.0,2.0,0.0,0.0,0.0,0.0,0.0,0.0,0.0,0.0,0.0,0.0,0.0,0.0,0.0,0.0,0.0,0.0,True,2026-03-31,300.0
2.0,0.0,0.0,0.0,0.567,0.549,0.549,1.0,4.9,0.0,2.0,0.0,0.0,0.0,0.0,0.0,0.0,0.0,0.0,0.0,0.0,0.0,0.0,0.0,0.0,0.0,0.0,True,2026-03-31,255.0
2.0,0.0,0.0,0.0,0.567,0.567,0.567,1.0,4.88,0.0,3.0,0.0,0.0,0.0,0.0,0.0,0.0,0.0,0.0,0.0,0.0,0.0,0.0,0.0,0.0,0.0,0.0,True,2026-03-31,331.0
5.0,3.0,10.0,0.0,0.567,0.567,0.567,1.0,4.65,0.0,1.0,0.0,0.0,0.0,0.0,0.0,0.0,0.0,0.0,0.0,0.0,0.0,0.0,0.0,0.0,0.0,0.0,True,2026-03-31,311.0
5.0,3.0,10.0,0.0,0.567,0.567,0.567,1.0,4.94,0.0,1.0,0.0,0.0,0.0,0.0,0.0,0.0,0.0,0.0,0.0,0.0,0.0,0.0,0.0,0.0,0.0,0.0,True,2026-03-31,525.0
5.0,3.0,10.0,0.0,0.567,0.567,0.567,1.0,4.92,0.0,1.0,0.0,0.0,0.0,0.0,0.0,0.0,0.0,0.0,0.0,0.0,0.0,0.0,0.0,0.0,0.0,0.0,True,2026-03-31,423.5
5.0,3.0,10.0,0.0,0.567,0.567,0.567,1.0,4.93,0.0,1.0,0.0,0.0,0.0,0.0,0.0,0.0,0.0,0.0,0.0,0.0,0.0,0.0,0.0,0.0,0.0,0.0,True,2026-03-31,655.0
5.0,3.0,10.0,0.0,0.567,0.567,0.567,1.0,4.97,0.0,1.0,0.0,0.0,0.0,0.0,0.0,0.0,0.0,0.0,0.0,0.0,0.0,0.0,0.0,0.0,0.0,0.0,True,2026-03-31,256.67
5.0,3.0,10.0,0.0,0.567,0.567,0.567,1.0,5.0,0.0,1.0,0.0,0.0,0.0,0.0,0.0,0.0,0.0,0.0,0.0,0.0,0.0,0.0,0.0,0.0,0.0,0.0,True,2026-03-31,824.5
5.0,3.0,10.0,0.0,0.567,0.567,0.567,1.0,5.0,0.0,1.0,0.0,0.0,0.0,0.0,0.0,0.0,0.0,0.0,0.0,0.0,0.0,0.0,0.0,0.0,0.0,0.0,True,2026-03-31,698.0
5.0,3.0,10.0,0.0,0.547,0.547,0.547,0.0,5.0,0.0,1.0,0.0,0.0,0.0,0.0,0.0,0.0,0.0,0.0,0.0,0.0,0.0,0.0,0.0,0.0,0.0,0.0,True,2026-03-31,812.33
5.0,3.0,10.0,0.0,0.547,0.547,0.547,1.0,4.89,0.0,1.0,0.0,0.0,0.0,0.0,0.0,0.0,0.0,0.0,0.0,0.0,0.0,0.0,0.0,0.0,0.0,0.0,True,2026-03-31,514.5
5.0,3.0,16.0,0.0,0.686,0.686,0.686,1.0,4.67,21.0,2.0,0.0,0.0,0.0,0.0,0.0,0.0,0.0,0.0,0.0,0.0,0.0,0.0,0.0,0.0,0.0,0.0,True,2026-03-31,264.0
2.0,2.0,6.0,0.0,0.68,0.68,0.68,1.0,4.77,144.0,2.0,0.0,0.0,0.0,0.0,0.0,0.0,0.0,0.0,0.0,0.0,0.0,0.0,0.0,0.0,0.0,0.0,True,2026-03-31,239.0
5.0,5.0,10.0,0.0,0.567,0.567,0.567,1.0,4.97,32.0,2.0,0.0,0.0,0.0,0.0,0.0,0.0,0.0,0.0,0.0,0.0,0.0,0.0,0.0,0.0,0.0,0.0,True,2026-03-31,571.0
5.0,3.0,10.0,0.0,0.567,0.567,0.567,1.0,4.67,0.0,2.0,0.0,0.0,0.0,0.0,0.0,0.0,0.0,0.0,0.0,0.0,0.0,0.0,0.0,0.0,0.0,0.0,True,2026-03-31,611.0
5.0,4.0,10.0,0.0,0.564,0.567,0.567,1.0,4.9,0.0,2.0,0.0,0.0,0.0,0.0,0.0,0.0,0.0,0.0,0.0,0.0,0.0,0.0,0.0,0.0,0.0,0.0,True,2026-03-31,425.0
2.0,2.0,6.0,0.0,0.98,0.98,0.98,1.0,4.95,165.0,5.0,0.0,0.0,0.0,0.0,0.0,0.0,0.0,0.0,0.0,0.0,0.0,0.0,0.0,0.0,0.0,0.0,True,2026-03-31,345.5
2.0,0.0,0.0,0.0,0.567,0.567,0.567,1.0,5.0,0.0,1.0,0.0,0.0,0.0,0.0,0.0,0.0,0.0,0.0,0.0,0.0,0.0,0.0,0.0,0.0,0.0,0.0,True,2026-03-31,274.0
2.0,0.0,0.0,0.0,0.567,0.567,0.567,1.0,4.96,0.0,1.0,0.0,0.0,0.0,0.0,0.0,0.0,0.0,0.0,0.0,0.0,0.0,0.0,0.0,0.0,0.0,0.0,True,2026-03-31,183.0
2.0,0.0,0.0,0.0,0.567,0.567,0.567,1.0,4.98,0.0,1.0,0.0,0.0,0.0,0.0,0.0,0.0,0.0,0.0,0.0,0.0,0.0,0.0,0.0,0.0,0.0,0.0,True,2026-03-31,425.5
2.0,1.0,0.0,0.0,0.564,0.564,0.564,1.0,4.86,0.0,1.0,0.0,0.0,0.0,0.0,0.0,0.0,0.0,0.0,0.0,0.0,0.0,0.0,0.0,0.0,0.0,0.0,True,2026-03-31,164.0
2.0,1.0,6.0,0.0,0.567,0.567,0.567,1.0,4.83,12.0,3.0,0.0,0.0,0.0,0.0,0.0,0.0,0.0,0.0,0.0,0.0,0.0,0.0,0.0,0.0,0.0,0.0,True,2026-03-31,369.0
2.0,0.0,0.0,0.0,0.567,0.567,0.567,1.0,4.91,0.0,3.0,0.0,0.0,0.0,0.0,0.0,0.0,0.0,0.0,0.0,0.0,0.0,0.0,0.0,0.0,0.0,0.0,True,2026-03-31,251.5
2.0,0.0,0.0,0.0,0.567,0.567,0.567,1.0,4.94,0.0,3.0,0.0,0.0,0.0,0.0,0.0,0.0,0.0,0.0,0.0,0.0,0.0,0.0,0.0,0.0,0.0,0.0,True,2026-03-31,271.0
2.0,0.0,0.0,0.0,0.567,0.567,0.567,1.0,4.88,0.0,4.0,0.0,0.0,0.0,0.0,0.0,0.0,0.0,0.0,0.0,0.0,0.0,0.0,0.0,0.0,0.0,0.0,True,2026-03-31,336.0
2.0,0.0,0.0,0.0,0.567,0.567,0.567,1.0,4.73,0.0,2.0,0.0,0.0,0.0,0.0,0.0,0.0,0.0,0.0,0.0,0.0,0.0,0.0,0.0,0.0,0.0,0.0,True,2026-03-31,420.0
2.0,0.0,0.0,0.0,0.567,0.567,0.567,1.0,4.86,0.0,2.0,0.0,0.0,0.0,0.0,0.0,0.0,0.0,0.0,0.0,0.0,0.0,0.0,0.0,0.0,0.0,0.0,True,2026-03-31,354.0
5.0,2.0,10.0,0.0,0.567,0.567,0.567,1.0,4.9,61.0,2.0,0.0,0.0,0.0,0.0,0.0,0.0,0.0,0.0,0.0,0.0,0.0,0.0,0.0,0.0,0.0,0.0,True,2026-03-31,335.5
2.0,2.0,6.0,0.0,0.669,0.669,0.669,1.0,4.81,538.0,3.0,0.0,0.0,0.0,0.0,0.0,0.0,0.0,0.0,0.0,0.0,0.0,0.0,0.0,0.0,0.0,0.0,True,2026-03-31,211.0
2.0,0.0,0.0,0.0,0.567,0.567,0.567,1.0,4.93,0.0,4.0,0.0,0.0,0.0,0.0,0.0,0.0,0.0,0.0,0.0,0.0,0.0,0.0,0.0,0.0,0.0,0.0,True,2026-03-31,382.5
2.0,0.0,0.0,0.0,0.567,0.567,0.567,1.0,4.97,0.0,1.0,0.0,0.0,0.0,0.0,0.0,0.0,0.0,0.0,0.0,0.0,0.0,0.0,0.0,0.0,0.0,0.0,True,2026-03-31,232.5
2.0,2.0,5.0,0.0,0.686,0.686,0.686,1.0,5.0,18.0,2.0,0.0,0.0,0.0,0.0,0.0,0.0,0.0,0.0,0.0,0.0,0.0,0.0,0.0,0.0,0.0,0.0,True,2026-03-31,285.5
2.0,2.0,6.0,0.0,0.68,0.68,0.68,1.0,4.81,109.0,2.0,0.0,0.0,0.0,0.0,0.0,0.0,0.0,0.0,0.0,0.0,0.0,0.0,0.0,0.0,0.0,0.0,True,2026-03-31,239.0
2.0,0.0,0.0,0.0,0.567,0.567,0.567,1.0,4.82,0.0,2.0,0.0,0.0,0.0,0.0,0.0,0.0,0.0,0.0,0.0,0.0,0.0,0.0,0.0,0.0,0.0,0.0,True,2026-03-31,248.5
5.0,3.0,16.0,0.0,0.666,0.666,0.666,1.0,4.42,161.0,1.0,0.0,0.0,0.0,0.0,0.0,0.0,0.0,0.0,0.0,0.0,0.0,0.0,0.0,0.0,0.0,0.0,True,2026-03-31,291.0
5.0,3.0,10.0,0.0,0.567,0.567,0.567,1.0,4.88,58.0,1.0,0.0,0.0,0.0,0.0,0.0,0.0,0.0,0.0,0.0,0.0,0.0,0.0,0.0,0.0,0.0,0.0,True,2026-03-31,228.0
5.0,0.0,0.0,0.0,0.567,0.567,0.567,1.0,4.86,0.0,1.0,0.0,0.0,0.0,0.0,0.0,0.0,0.0,0.0,0.0,0.0,0.0,0.0,0.0,0.0,0.0,0.0,True,2026-03-31,480.5
5.0,0.0,0.0,0.0,0.567,0.567,0.567,1.0,4.64,0.0,1.0,0.0,0.0,0.0,0.0,0.0,0.0,0.0,0.0,0.0,0.0,0.0,0.0,0.0,0.0,0.0,0.0,True,2026-03-31,670.0
5.0,0.0,0.0,0.0,0.547,0.547,0.547,1.0,5.0,0.0,1.0,0.0,0.0,0.0,0.0,0.0,0.0,0.0,0.0,0.0,0.0,0.0,0.0,0.0,0.0,0.0,0.0,True,2026-03-31,558.5
2.0,2.0,0.0,0.0,0.686,0.669,0.669,1.0,4.91,0.0,3.0,0.0,0.0,0.0,0.0,0.0,0.0,0.0,0.0,0.0,0.0,0.0,0.0,0.0,0.0,0.0,0.0,True,2026-03-31,194.0
3.0,0.0,0.0,0.0,0.567,0.567,0.567,1.0,4.97,0.0,1.0,0.0,0.0,0.0,0.0,0.0,0.0,0.0,0.0,0.0,0.0,0.0,0.0,0.0,0.0,0.0,0.0,True,2026-03-31,273.5
3.0,0.0,0.0,0.0,0.567,0.567,0.567,1.0,5.0,0.0,1.0,0.0,0.0,0.0,0.0,0.0,0.0,0.0,0.0,0.0,0.0,0.0,0.0,0.0,0.0,0.0,0.0,True,2026-03-31,211.5
3.0,0.0,0.0,0.0,0.558,0.558,0.558,1.0,4.29,0.0,1.0,0.0,0.0,0.0,0.0,0.0,0.0,0.0,0.0,0.0,0.0,0.0,0.0,0.0,0.0,0.0,0.0,True,2026-03-31,230.0
3.0,0.0,0.0,0.0,0.548,0.548,0.548,1.0,4.98,0.0,1.0,0.0,0.0,0.0,0.0,0.0,0.0,0.0,0.0,0.0,0.0,0.0,0.0,0.0,0.0,0.0,0.0,True,2026-03-31,291.0
3.0,0.0,0.0,0.0,0.548,0.548,0.548,1.0,5.0,0.0,1.0,0.0,0.0,0.0,0.0,0.0,0.0,0.0,0.0,0.0,0.0,0.0,0.0,0.0,0.0,0.0,0.0,True,2026-03-31,234.0
2.0,2.0,5.0,0.0,0.686,0.686,0.686,1.0,4.71,169.0,1.0,0.0,0.0,0.0,0.0,0.0,0.0,0.0,0.0,0.0,0.0,0.0,0.0,0.0,0.0,0.0,0.0,True,2026-03-31,200.0
2.0,2.0,6.0,0.0,0.669,0.669,0.669,1.0,4.69,124.0,1.0,0.0,0.0,0.0,0.0,0.0,0.0,0.0,0.0,0.0,0.0,0.0,0.0,0.0,0.0,0.0,0.0,True,2026-03-31,288.5
2.0,2.0,6.0,0.0,0.567,0.567,0.567,1.0,4.95,165.0,1.0,0.0,0.0,0.0,0.0,0.0,0.0,0.0,0.0,0.0,0.0,0.0,0.0,0.0,0.0,0.0,0.0,True,2026-03-31,345.5
2.0,1.0,6.0,0.0,0.567,0.567,0.567,1.0,4.88,128.0,1.0,0.0,0.0,0.0,0.0,0.0,0.0,0.0,0.0,0.0,0.0,0.0,0.0,0.0,0.0,0.0,0.0,True,2026-03-31,331.0
2.0,2.0,6.0,0.0,0.567,0.567,0.567,1.0,4.95,19.0,1.0,0.0,0.0,0.0,0.0,0.0,0.0,0.0,0.0,0.0,0.0,0.0,0.0,0.0,0.0,0.0,0.0,True,2026-03-31,359.0
2.0,0.0,0.0,0.0,0.567,0.567,0.567,1.0,4.61,0.0,1.0,0.0,0.0,0.0,0.0,0.0,0.0,0.0,0.0,0.0,0.0,0.0,0.0,0.0,0.0,0.0,0.0,True,2026-03-31,257.0
2.0,2.0,5.0,0.0,0.686,0.686,0.686,1.0,4.82,56.0,2.0,0.0,0.0,0.0,0.0,0.0,0.0,0.0,0.0,0.0,0.0,0.0,0.0,0.0,0.0,0.0,0.0,True,2026-03-31,211.5
2.0,0.0,0.0,0.0,0.567,0.567,0.567,1.0,4.88,0.0,2.0,0.0,0.0,0.0,0.0,0.0,0.0,0.0,0.0,0.0,0.0,0.0,0.0,0.0,0.0,0.0,0.0,True,2026-03-31,336.0
2.0,0.0,0.0,0.0,0.567,0.567,0.567,1.0,4.9,0.0,1.0,0.0,0.0,0.0,0.0,0.0,0.0,0.0,0.0,0.0,0.0,0.0,0.0,0.0,0.0,0.0,0.0,True,2026-03-31,362.5
2.0,0.0,0.0,0.0,0.567,0.567,0.567,1.0,4.88,0.0,1.0,0.0,0.0,0.0,0.0,0.0,0.0,0.0,0.0,0.0,0.0,0.0,0.0,0.0,0.0,0.0,0.0,True,2026-03-31,355.5
2.0,0.0,0.0,0.0,0.567,0.567,0.567,1.0,5.0,0.0,1.0,0.0,0.0,0.0,0.0,0.0,0.0,0.0,0.0,0.0,0.0,0.0,0.0,0.0,0.0,0.0,0.0,True,2026-03-31,380.0
2.0,0.0,0.0,0.0,0.567,0.567,0.567,1.0,4.86,0.0,1.0,0.0,0.0,0.0,0.0,0.0,0.0,0.0,0.0,0.0,0.0,0.0,0.0,0.0,0.0,0.0,0.0,True,2026-03-31,354.0
2.0,0.0,0.0,0.0,0.549,0.549,0.549,1.0,4.9,0.0,1.0,0.0,0.0,0.0,0.0,0.0,0.0,0.0,0.0,0.0,0.0,0.0,0.0,0.0,0.0,0.0,0.0,True,2026-03-31,255.0
2.0,0.0,0.0,0.0,0.537,0.537,0.537,1.0,4.93,0.0,1.0,0.0,0.0,0.0,0.0,0.0,0.0,0.0,0.0,0.0,0.0,0.0,0.0,0.0,0.0,0.0,0.0,True,2026-03-31,344.0
1.0,1.0,3.0,0.0,0.686,0.686,0.686,0.0,4.92,208.0,1.0,0.0,0.0,0.0,0.0,0.0,0.0,0.0,0.0,0.0,0.0,0.0,0.0,0.0,0.0,0.0,0.0,True,2026-03-31,189.0
1.0,1.0,4.0,0.0,0.599,0.599,0.599,1.0,4.98,121.0,1.0,0.0,0.0,0.0,0.0,0.0,0.0,0.0,0.0,0.0,0.0,0.0,0.0,0.0,0.0,0.0,0.0,True,2026-03-31,119.0
1.0,1.0,2.0,0.0,0.567,0.567,0.567,1.0,4.62,52.0,1.0,0.0,0.0,0.0,0.0,0.0,0.0,0.0,0.0,0.0,0.0,0.0,0.0,0.0,0.0,0.0,0.0,True,2026-03-31,103.0
1.0,1.0,3.0,0.0,0.567,0.567,0.567,1.0,4.9,269.0,1.0,0.0,0.0,0.0,0.0,0.0,0.0,0.0,0.0,0.0,0.0,0.0,0.0,0.0,0.0,0.0,0.0,True,2026-03-31,106.5
1.0,1.0,4.0,0.0,0.567,0.567,0.567,1.0,4.82,149.0,1.0,0.0,0.0,0.0,0.0,0.0,0.0,0.0,0.0,0.0,0.0,0.0,0.0,0.0,0.0,0.0,0.0,True,2026-03-31,129.0
1.0,1.0,4.0,0.0,0.567,0.567,0.567,1.0,4.83,105.0,2.0,0.0,0.0,0.0,0.0,0.0,0.0,0.0,0.0,0.0,0.0,0.0,0.0,0.0,0.0,0.0,0.0,True,2026-03-31,129.0
1.0,0.0,0.0,0.0,0.565,0.567,0.567,1.0,4.94,0.0,2.0,0.0,0.0,0.0,0.0,0.0,0.0,0.0,0.0,0.0,0.0,0.0,0.0,0.0,0.0,0.0,0.0,True,2026-03-31,134.0
1.0,0.0,0.0,0.0,0.567,0.567,0.567,1.0,4.83,0.0,1.0,0.0,0.0,0.0,0.0,0.0,0.0,0.0,0.0,0.0,0.0,0.0,0.0,0.0,0.0,0.0,0.0,True,2026-03-31,129.0
1.0,0.0,0.0,0.0,0.567,0.567,0.567,1.0,4.97,0.0,1.0,0.0,0.0,0.0,0.0,0.0,0.0,0.0,0.0,0.0,0.0,0.0,0.0,0.0,0.0,0.0,0.0,True,2026-03-31,123.0
1.0,0.0,0.0,0.0,0.567,0.567,0.567,1.0,5.0,0.0,1.0,0.0,0.0,0.0,0.0,0.0,0.0,0.0,0.0,0.0,0.0,0.0,0.0,0.0,0.0,0.0,0.0,True,2026-03-31,141.5
1.0,0.0,0.0,0.0,0.567,0.567,0.567,1.0,4.64,0.0,1.0,0.0,0.0,0.0,0.0,0.0,0.0,0.0,0.0,0.0,0.0,0.0,0.0,0.0,0.0,0.0,0.0,True,2026-03-31,114.5
1.0,0.0,0.0,0.0,0.567,0.567,0.567,1.0,4.83,0.0,1.0,0.0,0.0,0.0,0.0,0.0,0.0,0.0,0.0,0.0,0.0,0.0,0.0,0.0,0.0,0.0,0.0,True,2026-03-31,149.0
1.0,0.0,0.0,0.0,0.567,0.567,0.567,1.0,4.94,0.0,1.0,0.0,0.0,0.0,0.0,0.0,0.0,0.0,0.0,0.0,0.0,0.0,0.0,0.0,0.0,0.0,0.0,True,2026-03-31,110.5
1.0,0.0,0.0,0.0,0.567,0.567,0.567,1.0,4.79,0.0,1.0,0.0,0.0,0.0,0.0,0.0,0.0,0.0,0.0,0.0,0.0,0.0,0.0,0.0,0.0,0.0,0.0,True,2026-03-31,154.0
1.0,1.0,3.0,0.0,0.686,0.686,0.686,1.0,4.92,208.0,1.0,0.0,0.0,0.0,0.0,0.0,0.0,0.0,0.0,0.0,0.0,0.0,0.0,0.0,0.0,0.0,0.0,True,2026-03-31,189.0
1.0,1.0,2.0,0.0,0.635,0.635,0.635,1.0,4.92,640.0,1.0,0.0,0.0,0.0,0.0,0.0,0.0,0.0,0.0,0.0,0.0,0.0,0.0,0.0,0.0,0.0,0.0,True,2026-03-31,120.0
1.0,1.0,2.0,0.0,0.614,0.614,0.614,1.0,4.96,333.0,1.0,0.0,0.0,0.0,0.0,0.0,0.0,0.0,0.0,0.0,0.0,0.0,0.0,0.0,0.0,0.0,0.0,True,2026-03-31,112.0
1.0,1.0,4.0,0.0,0.599,0.599,0.599,1.0,4.98,121.0,1.0,0.0,0.0,0.0,0.0,0.0,0.0,0.0,0.0,0.0,0.0,0.0,0.0,0.0,0.0,0.0,0.0,True,2026-03-31,119.0
1.0,1.0,4.0,0.0,0.567,0.567,0.567,1.0,4.83,105.0,1.0,0.0,0.0,0.0,0.0,0.0,0.0,0.0,0.0,0.0,0.0,0.0,0.0,0.0,0.0,0.0,0.0,True,2026-03-31,129.0
1.0,1.0,4.0,0.0,0.567,0.567,0.567,1.0,4.82,149.0,1.0,0.0,0.0,0.0,0.0,0.0,0.0,0.0,0.0,0.0,0.0,0.0,0.0,0.0,0.0,0.0,0.0,True,2026-03-31,129.0
1.0,0.0,0.0,0.0,0.567,0.567,0.567,1.0,4.62,0.0,1.0,0.0,0.0,0.0,0.0,0.0,0.0,0.0,0.0,0.0,0.0,0.0,0.0,0.0,0.0,0.0,0.0,True,2026-03-31,103.0
1.0,0.0,0.0,0.0,0.567,0.567,0.567,1.0,4.9,0.0,1.0,0.0,0.0,0.0,0.0,0.0,0.0,0.0,0.0,0.0,0.0,0.0,0.0,0.0,0.0,0.0,0.0,True,2026-03-31,106.5
1.0,0.0,0.0,0.0,0.567,0.567,0.567,1.0,4.83,0.0,1.0,0.0,0.0,0.0,0.0,0.0,0.0,0.0,0.0,0.0,0.0,0.0,0.0,0.0,0.0,0.0,0.0,True,2026-03-31,129.0
1.0,0.0,0.0,0.0,0.567,0.567,0.567,1.0,4.98,0.0,1.0,0.0,0.0,0.0,0.0,0.0,0.0,0.0,0.0,0.0,0.0,0.0,0.0,0.0,0.0,0.0,0.0,True,2026-03-31,113.0
1.0,0.0,0.0,0.0,0.567,0.567,0.567,1.0,4.94,0.0,1.0,0.0,0.0,0.0,0.0,0.0,0.0,0.0,0.0,0.0,0.0,0.0,0.0,0.0,0.0,0.0,0.0,True,2026-03-31,124.5
1.0,0.0,0.0,0.0,0.567,0.567,0.567,1.0,4.83,0.0,1.0,0.0,0.0,0.0,0.0,0.0,0.0,0.0,0.0,0.0,0.0,0.0,0.0,0.0,0.0,0.0,0.0,True,2026-03-31,149.0
1.0,0.0,0.0,0.0,0.567,0.567,0.567,1.0,4.94,0.0,1.0,0.0,0.0,0.0,0.0,0.0,0.0,0.0,0.0,0.0,0.0,0.0,0.0,0.0,0.0,0.0,0.0,True,2026-03-31,110.5
1.0,0.0,0.0,0.0,0.567,0.567,0.567,1.0,4.79,0.0,1.0,0.0,0.0,0.0,0.0,0.0,0.0,0.0,0.0,0.0,0.0,0.0,0.0,0.0,0.0,0.0,0.0,True,2026-03-31,154.0
1.0,0.0,0.0,0.0,0.567,0.567,0.567,1.0,4.9,0.0,1.0,0.0,0.0,0.0,0.0,0.0,0.0,0.0,0.0,0.0,0.0,0.0,0.0,0.0,0.0,0.0,0.0,True,2026-03-31,132.5
1.0,1.0,2.0,0.0,0.635,0.635,0.635,1.0,4.92,640.0,1.0,0.0,0.0,0.0,0.0,0.0,0.0,0.0,0.0,0.0,0.0,0.0,0.0,0.0,0.0,0.0,0.0,True,2026-03-31,120.0
1.0,1.0,2.0,0.0,0.614,0.614,0.614,1.0,4.96,333.0,1.0,0.0,0.0,0.0,0.0,0.0,0.0,0.0,0.0,0.0,0.0,0.0,0.0,0.0,0.0,0.0,0.0,True,2026-03-31,112.0
1.0,1.0,4.0,0.0,0.597,0.597,0.597,1.0,4.98,121.0,1.0,0.0,0.0,0.0,0.0,0.0,0.0,0.0,0.0,0.0,0.0,0.0,0.0,0.0,0.0,0.0,0.0,True,2026-03-31,119.0
1.0,1.0,4.0,0.0,0.567,0.567,0.567,1.0,4.83,105.0,2.0,0.0,0.0,0.0,0.0,0.0,0.0,0.0,0.0,0.0,0.0,0.0,0.0,0.0,0.0,0.0,0.0,True,2026-03-31,129.0
1.0,1.0,4.0,0.0,0.567,0.567,0.567,1.0,4.82,149.0,1.0,0.0,0.0,0.0,0.0,0.0,0.0,0.0,0.0,0.0,0.0,0.0,0.0,0.0,0.0,0.0,0.0,True,2026-03-31,129.0
1.0,0.0,0.0,0.0,0.567,0.567,0.567,1.0,4.83,0.0,1.0,0.0,0.0,0.0,0.0,0.0,0.0,0.0,0.0,0.0,0.0,0.0,0.0,0.0,0.0,0.0,0.0,True,2026-03-31,129.0
1.0,0.0,0.0,0.0,0.567,0.567,0.567,1.0,4.62,0.0,1.0,0.0,0.0,0.0,0.0,0.0,0.0,0.0,0.0,0.0,0.0,0.0,0.0,0.0,0.0,0.0,0.0,True,2026-03-31,103.0
1.0,0.0,0.0,0.0,0.567,0.567,0.567,1.0,4.94,0.0,1.0,0.0,0.0,0.0,0.0,0.0,0.0,0.0,0.0,0.0,0.0,0.0,0.0,0.0,0.0,0.0,0.0,True,2026-03-31,124.5
1.0,0.0,0.0,0.0,0.567,0.567,0.567,1.0,4.83,0.0,1.0,0.0,0.0,0.0,0.0,0.0,0.0,0.0,0.0,0.0,0.0,0.0,0.0,0.0,0.0,0.0,0.0,True,2026-03-31,149.0
1.0,0.0,0.0,0.0,0.567,0.567,0.567,1.0,4.94,0.0,1.0,0.0,0.0,0.0,0.0,0.0,0.0,0.0,0.0,0.0,0.0,0.0,0.0,0.0,0.0,0.0,0.0,True,2026-03-31,110.5
1.0,0.0,0.0,0.0,0.567,0.567,0.567,1.0,4.79,0.0,1.0,0.0,0.0,0.0,0.0,0.0,0.0,0.0,0.0,0.0,0.0,0.0,0.0,0.0,0.0,0.0,0.0,True,2026-03-31,154.0
1.0,0.0,0.0,0.0,0.567,0.567,0.567,1.0,4.9,0.0,1.0,0.0,0.0,0.0,0.0,0.0,0.0,0.0,0.0,0.0,0.0,0.0,0.0,0.0,0.0,0.0,0.0,True,2026-03-31,132.5
1.0,1.0,3.0,0.0,0.686,0.686,0.686,1.0,4.92,208.0,1.0,0.0,0.0,0.0,0.0,0.0,0.0,0.0,0.0,0.0,0.0,0.0,0.0,0.0,0.0,0.0,0.0,True,2026-03-31,189.0
1.0,1.0,2.0,0.0,0.635,0.635,0.635,1.0,4.92,640.0,1.0,0.0,0.0,0.0,0.0,0.0,0.0,0.0,0.0,0.0,0.0,0.0,0.0,0.0,0.0,0.0,0.0,True,2026-03-31,120.0
1.0,1.0,2.0,0.0,0.614,0.614,0.614,1.0,4.96,333.0,1.0,0.0,0.0,0.0,0.0,0.0,0.0,0.0,0.0,0.0,0.0,0.0,0.0,0.0,0.0,0.0,0.0,True,2026-03-31,112.0
1.0,1.0,4.0,0.0,0.599,0.599,0.599,1.0,4.98,121.0,1.0,0.0,0.0,0.0,0.0,0.0,0.0,0.0,0.0,0.0,0.0,0.0,0.0,0.0,0.0,0.0,0.0,True,2026-03-31,119.0
1.0,0.0,0.0,0.0,0.567,0.567,0.567,1.0,4.9,0.0,2.0,0.0,0.0,0.0,0.0,0.0,0.0,0.0,0.0,0.0,0.0,0.0,0.0,0.0,0.0,0.0,0.0,True,2026-03-31,142.5
1.0,1.0,4.0,0.0,0.567,0.567,0.567,1.0,4.83,105.0,1.0,0.0,0.0,0.0,0.0,0.0,0.0,0.0,0.0,0.0,0.0,0.0,0.0,0.0,0.0,0.0,0.0,True,2026-03-31,129.0
1.0,1.0,4.0,0.0,0.567,0.567,0.567,1.0,4.82,149.0,1.0,0.0,0.0,0.0,0.0,0.0,0.0,0.0,0.0,0.0,0.0,0.0,0.0,0.0,0.0,0.0,0.0,True,2026-03-31,129.0
1.0,0.0,0.0,0.0,0.567,0.567,0.567,1.0,4.83,0.0,1.0,0.0,0.0,0.0,0.0,0.0,0.0,0.0,0.0,0.0,0.0,0.0,0.0,0.0,0.0,0.0,0.0,True,2026-03-31,129.0
1.0,0.0,0.0,0.0,0.567,0.567,0.567,1.0,4.9,0.0,1.0,0.0,0.0,0.0,0.0,0.0,0.0,0.0,0.0,0.0,0.0,0.0,0.0,0.0,0.0,0.0,0.0,True,2026-03-31,106.5
1.0,0.0,0.0,0.0,0.567,0.567,0.567,1.0,4.62,0.0,1.0,0.0,0.0,0.0,0.0,0.0,0.0,0.0,0.0,0.0,0.0,0.0,0.0,0.0,0.0,0.0,0.0,True,2026-03-31,103.0
1.0,0.0,0.0,0.0,0.567,0.567,0.567,1.0,4.98,0.0,1.0,0.0,0.0,0.0,0.0,0.0,0.0,0.0,0.0,0.0,0.0,0.0,0.0,0.0,0.0,0.0,0.0,True,2026-03-31,113.0
1.0,0.0,0.0,0.0,0.567,0.567,0.567,1.0,4.94,0.0,1.0,0.0,0.0,0.0,0.0,0.0,0.0,0.0,0.0,0.0,0.0,0.0,0.0,0.0,0.0,0.0,0.0,True,2026-03-31,124.5
1.0,0.0,0.0,0.0,0.567,0.567,0.567,1.0,4.83,0.0,1.0,0.0,0.0,0.0,0.0,0.0,0.0,0.0,0.0,0.0,0.0,0.0,0.0,0.0,0.0,0.0,0.0,True,2026-03-31,149.0
1.0,0.0,0.0,0.0,0.567,0.567,0.567,1.0,4.94,0.0,1.0,0.0,0.0,0.0,0.0,0.0,0.0,0.0,0.0,0.0,0.0,0.0,0.0,0.0,0.0,0.0,0.0,True,2026-03-31,110.5
1.0,0.0,0.0,0.0,0.567,0.567,0.567,1.0,4.79,0.0,1.0,0.0,0.0,0.0,0.0,0.0,0.0,0.0,0.0,0.0,0.0,0.0,0.0,0.0,0.0,0.0,0.0,True,2026-03-31,154.0
1.0,0.0,0.0,0.0,0.567,0.567,0.567,1.0,4.9,0.0,1.0,0.0,0.0,0.0,0.0,0.0,0.0,0.0,0.0,0.0,0.0,0.0,0.0,0.0,0.0,0.0,0.0,True,2026-03-31,132.5
1.0,1.0,3.0,0.0,0.686,0.686,0.686,1.0,4.92,208.0,1.0,0.0,0.0,0.0,0.0,0.0,0.0,0.0,0.0,0.0,0.0,0.0,0.0,0.0,0.0,0.0,0.0,True,2026-03-31,189.0
1.0,1.0,2.0,0.0,0.635,0.635,0.635,1.0,4.92,640.0,1.0,0.0,0.0,0.0,0.0,0.0,0.0,0.0,0.0,0.0,0.0,0.0,0.0,0.0,0.0,0.0,0.0,True,2026-03-31,120.0
1.0,1.0,2.0,0.0,0.614,0.614,0.614,1.0,4.96,333.0,1.0,0.0,0.0,0.0,0.0,0.0,0.0,0.0,0.0,0.0,0.0,0.0,0.0,0.0,0.0,0.0,0.0,True,2026-03-31,112.0
1.0,0.0,0.0,0.0,0.567,0.567,0.567,1.0,4.98,0.0,2.0,0.0,0.0,0.0,0.0,0.0,0.0,0.0,0.0,0.0,0.0,0.0,0.0,0.0,0.0,0.0,0.0,True,2026-03-31,113.0
1.0,1.0,4.0,0.0,0.599,0.599,0.599,1.0,4.98,121.0,1.0,0.0,0.0,0.0,0.0,0.0,0.0,0.0,0.0,0.0,0.0,0.0,0.0,0.0,0.0,0.0,0.0,True,2026-03-31,119.0
1.0,1.0,4.0,0.0,0.567,0.567,0.567,1.0,4.82,149.0,1.0,0.0,0.0,0.0,0.0,0.0,0.0,0.0,0.0,0.0,0.0,0.0,0.0,0.0,0.0,0.0,0.0,True,2026-03-31,129.0
1.0,1.0,4.0,0.0,0.567,0.567,0.567,1.0,4.83,105.0,1.0,0.0,0.0,0.0,0.0,0.0,0.0,0.0,0.0,0.0,0.0,0.0,0.0,0.0,0.0,0.0,0.0,True,2026-03-31,129.0
1.0,0.0,0.0,0.0,0.567,0.567,0.567,1.0,4.83,0.0,1.0,0.0,0.0,0.0,0.0,0.0,0.0,0.0,0.0,0.0,0.0,0.0,0.0,0.0,0.0,0.0,0.0,True,2026-03-31,129.0
1.0,0.0,0.0,0.0,0.567,0.567,0.567,1.0,4.9,0.0,1.0,0.0,0.0,0.0,0.0,0.0,0.0,0.0,0.0,0.0,0.0,0.0,0.0,0.0,0.0,0.0,0.0,True,2026-03-31,106.5
1.0,0.0,0.0,0.0,0.567,0.567,0.567,1.0,4.62,0.0,1.0,0.0,0.0,0.0,0.0,0.0,0.0,0.0,0.0,0.0,0.0,0.0,0.0,0.0,0.0,0.0,0.0,True,2026-03-31,103.0
1.0,0.0,0.0,0.0,0.567,0.567,0.567,1.0,4.98,0.0,1.0,0.0,0.0,0.0,0.0,0.0,0.0,0.0,0.0,0.0,0.0,0.0,0.0,0.0,0.0,0.0,0.0,True,2026-03-31,113.0
1.0,0.0,0.0,0.0,0.567,0.567,0.567,1.0,4.94,0.0,1.0,0.0,0.0,0.0,0.0,0.0,0.0,0.0,0.0,0.0,0.0,0.0,0.0,0.0,0.0,0.0,0.0,True,2026-03-31,124.5
1.0,0.0,0.0,0.0,0.567,0.567,0.567,1.0,4.83,0.0,1.0,0.0,0.0,0.0,0.0,0.0,0.0,0.0,0.0,0.0,0.0,0.0,0.0,0.0,0.0,0.0,0.0,True,2026-03-31,149.0
1.0,0.0,0.0,0.0,0.567,0.567,0.567,1.0,4.94,0.0,1.0,0.0,0.0,0.0,0.0,0.0,0.0,0.0,0.0,0.0,0.0,0.0,0.0,0.0,0.0,0.0,0.0,True,2026-03-31,110.5
1.0,0.0,0.0,0.0,0.567,0.567,0.567,1.0,4.79,0.0,1.0,0.0,0.0,0.0,0.0,0.0,0.0,0.0,0.0,0.0,0.0,0.0,0.0,0.0,0.0,0.0,0.0,True,2026-03-31,154.0
1.0,0.0,0.0,0.0,0.567,0.567,0.567,1.0,4.9,0.0,1.0,0.0,0.0,0.0,0.0,0.0,0.0,0.0,0.0,0.0,0.0,0.0,0.0,0.0,0.0,0.0,0.0,True,2026-03-31,132.5
1.0,1.0,3.0,0.0,0.686,0.686,0.686,1.0,4.92,208.0,1.0,0.0,0.0,0.0,0.0,0.0,0.0,0.0,0.0,0.0,0.0,0.0,0.0,0.0,0.0,0.0,0.0,True,2026-03-31,189.0
1.0,1.0,4.0,0.0,0.686,0.686,0.686,1.0,4.98,327.0,1.0,0.0,0.0,0.0,0.0,0.0,0.0,0.0,0.0,0.0,0.0,0.0,0.0,0.0,0.0,0.0,0.0,True,2026-03-31,172.5
3.0,0.0,0.0,0.0,0.567,0.567,0.567,1.0,5.0,0.0,1.0,0.0,0.0,0.0,0.0,0.0,0.0,0.0,0.0,0.0,0.0,0.0,0.0,0.0,0.0,0.0,0.0,True,2026-03-31,448.0
1.0,1.0,4.0,0.0,0.668,0.668,0.668,1.0,4.98,121.0,1.0,0.0,0.0,0.0,0.0,0.0,0.0,0.0,0.0,0.0,0.0,0.0,0.0,0.0,0.0,0.0,0.0,True,2026-03-31,119.0
1.0,1.0,2.0,0.0,0.635,0.635,0.635,1.0,4.94,338.0,1.0,0.0,0.0,0.0,0.0,0.0,0.0,0.0,0.0,0.0,0.0,0.0,0.0,0.0,0.0,0.0,0.0,True,2026-03-31,157.0
1.0,1.0,2.0,0.0,0.621,0.621,0.621,1.0,4.94,31.0,1.0,0.0,0.0,0.0,0.0,0.0,0.0,0.0,0.0,0.0,0.0,0.0,0.0,0.0,0.0,0.0,0.0,True,2026-03-31,131.0
1.0,1.0,2.0,0.0,0.621,0.621,0.621,1.0,4.98,45.0,1.0,0.0,0.0,0.0,0.0,0.0,0.0,0.0,0.0,0.0,0.0,0.0,0.0,0.0,0.0,0.0,0.0,True,2026-03-31,171.5
1.0,0.0,0.0,0.0,0.621,0.621,0.621,0.0,4.97,0.0,1.0,0.0,0.0,0.0,0.0,0.0,0.0,0.0,0.0,0.0,0.0,0.0,0.0,0.0,0.0,0.0,0.0,True,2026-03-31,199.5
1.0,0.0,0.0,0.0,0.621,0.621,0.621,1.0,4.92,0.0,1.0,0.0,0.0,0.0,0.0,0.0,0.0,0.0,0.0,0.0,0.0,0.0,0.0,0.0,0.0,0.0,0.0,True,2026-03-31,139.5
1.0,0.0,0.0,0.0,0.621,0.621,0.621,1.0,4.88,0.0,1.0,0.0,0.0,0.0,0.0,0.0,0.0,0.0,0.0,0.0,0.0,0.0,0.0,0.0,0.0,0.0,0.0,True,2026-03-31,81.5
1.0,0.0,0.0,0.0,0.621,0.621,0.621,1.0,4.86,0.0,1.0,0.0,0.0,0.0,0.0,0.0,0.0,0.0,0.0,0.0,0.0,0.0,0.0,0.0,0.0,0.0,0.0,True,2026-03-31,125.0
1.0,0.0,0.0,0.0,0.621,0.621,0.621,1.0,4.87,0.0,1.0,0.0,0.0,0.0,0.0,0.0,0.0,0.0,0.0,0.0,0.0,0.0,0.0,0.0,0.0,0.0,0.0,True,2026-03-31,147.5
1.0,0.0,0.0,0.0,0.621,0.621,0.621,1.0,4.84,0.0,1.0,0.0,0.0,0.0,0.0,0.0,0.0,0.0,0.0,0.0,0.0,0.0,0.0,0.0,0.0,0.0,0.0,True,2026-03-31,209.5
1.0,0.0,0.0,0.0,0.621,0.621,0.621,1.0,5.0,0.0,1.0,0.0,0.0,0.0,0.0,0.0,0.0,0.0,0.0,0.0,0.0,0.0,0.0,0.0,0.0,0.0,0.0,True,2026-03-31,165.5
1.0,0.0,0.0,0.0,0.621,0.621,0.621,1.0,4.94,0.0,1.0,0.0,0.0,0.0,0.0,0.0,0.0,0.0,0.0,0.0,0.0,0.0,0.0,0.0,0.0,0.0,0.0,True,2026-03-31,78.5
1.0,0.0,0.0,0.0,0.621,0.621,0.621,1.0,4.68,0.0,1.0,0.0,0.0,0.0,0.0,0.0,0.0,0.0,0.0,0.0,0.0,0.0,0.0,0.0,0.0,0.0,0.0,True,2026-03-31,135.5
6.0,3.0,16.0,0.0,0.404,0.404,0.404,1.0,4.6,130.0,1.0,0.0,0.0,0.0,0.0,0.0,0.0,0.0,0.0,0.0,0.0,0.0,0.0,0.0,0.0,0.0,0.0,True,2026-03-31,365.5
6.0,4.0,16.0,0.0,0.404,0.404,0.404,1.0,4.95,122.0,1.0,0.0,0.0,0.0,0.0,0.0,0.0,0.0,0.0,0.0,0.0,0.0,0.0,0.0,0.0,0.0,0.0,True,2026-03-31,1227.0
3.0,2.0,16.0,0.0,0.404,0.404,0.404,1.0,4.88,8.0,1.0,0.0,0.0,0.0,0.0,0.0,0.0,0.0,0.0,0.0,0.0,0.0,0.0,0.0,0.0,0.0,0.0,True,2026-03-31,535.0
4.0,2.0,16.0,0.0,0.404,0.404,0.404,1.0,4.56,9.0,1.0,0.0,0.0,0.0,0.0,0.0,0.0,0.0,0.0,0.0,0.0,0.0,0.0,0.0,0.0,0.0,0.0,True,2026-03-31,912.0
4.0,0.0,16.0,0.0,0.404,0.404,0.404,1.0,0.0,0.0,1.0,0.0,0.0,0.0,0.0,0.0,0.0,0.0,0.0,0.0,0.0,0.0,0.0,0.0,0.0,0.0,0.0,True,2026-03-31,765.0
3.0,3.0,16.0,0.0,0.404,0.404,0.404,1.0,4.13,8.0,1.0,0.0,0.0,0.0,0.0,0.0,0.0,0.0,0.0,0.0,0.0,0.0,0.0,0.0,0.0,0.0,0.0,True,2026-03-31,830.5
4.0,0.0,0.0,0.0,0.404,0.404,0.404,1.0,0.0,0.0,1.0,0.0,0.0,0.0,0.0,0.0,0.0,0.0,0.0,0.0,0.0,0.0,0.0,0.0,0.0,0.0,0.0,True,2026-03-31,1274.0
4.0,0.0,0.0,0.0,0.404,0.404,0.404,1.0,4.8,0.0,1.0,0.0,0.0,0.0,0.0,0.0,0.0,0.0,0.0,0.0,0.0,0.0,0.0,0.0,0.0,0.0,0.0,True,2026-03-31,1290.0
6.0,0.0,0.0,0.0,0.404,0.404,0.404,1.0,0.0,0.0,1.0,0.0,0.0,0.0,0.0,0.0,0.0,0.0,0.0,0.0,0.0,0.0,0.0,0.0,0.0,0.0,0.0,True,2026-03-31,943.0
5.0,0.0,0.0,0.0,0.404,0.404,0.404,1.0,4.73,0.0,1.0,0.0,0.0,0.0,0.0,0.0,0.0,0.0,0.0,0.0,0.0,0.0,0.0,0.0,0.0,0.0,0.0,True,2026-03-31,584.5
5.0,0.0,0.0,0.0,0.404,0.404,0.404,1.0,5.0,0.0,1.0,0.0,0.0,0.0,0.0,0.0,0.0,0.0,0.0,0.0,0.0,0.0,0.0,0.0,0.0,0.0,0.0,True,2026-03-31,1245.0
4.0,0.0,0.0,0.0,0.567,0.547,0.547,1.0,4.94,0.0,3.0,0.0,0.0,0.0,0.0,0.0,0.0,0.0,0.0,0.0,0.0,0.0,0.0,0.0,0.0,0.0,0.0,True,2026-03-31,389.0
4.0,3.0,12.0,0.0,0.567,0.567,0.567,1.0,4.96,25.0,3.0,0.0,0.0,0.0,0.0,0.0,0.0,0.0,0.0,0.0,0.0,0.0,0.0,0.0,0.0,0.0,0.0,True,2026-03-31,381.5
4.0,0.0,0.0,0.0,0.567,0.567,0.567,1.0,5.0,0.0,3.0,0.0,0.0,0.0,0.0,0.0,0.0,0.0,0.0,0.0,0.0,0.0,0.0,0.0,0.0,0.0,0.0,True,2026-03-31,399.5
4.0,0.0,0.0,0.0,0.567,0.548,0.548,1.0,4.92,0.0,3.0,0.0,0.0,0.0,0.0,0.0,0.0,0.0,0.0,0.0,0.0,0.0,0.0,0.0,0.0,0.0,0.0,True,2026-03-31,381.0
4.0,2.0,11.0,0.0,0.567,0.567,0.567,1.0,4.96,164.0,3.0,0.0,0.0,0.0,0.0,0.0,0.0,0.0,0.0,0.0,0.0,0.0,0.0,0.0,0.0,0.0,0.0,True,2026-03-31,328.0
4.0,3.0,10.0,0.0,0.565,0.548,0.548,1.0,5.0,0.0,5.0,0.0,0.0,0.0,0.0,0.0,0.0,0.0,0.0,0.0,0.0,0.0,0.0,0.0,0.0,0.0,0.0,True,2026-03-31,263.0
4.0,3.0,14.0,0.0,0.567,0.567,0.567,0.5,4.98,189.0,2.0,0.0,0.0,0.0,0.0,0.0,0.0,0.0,0.0,0.0,0.0,0.0,0.0,0.0,0.0,0.0,0.0,True,2026-03-31,473.5
4.0,0.0,0.0,0.0,0.621,0.548,0.548,1.0,4.95,0.0,2.0,0.0,0.0,0.0,0.0,0.0,0.0,0.0,0.0,0.0,0.0,0.0,0.0,0.0,0.0,0.0,0.0,True,2026-03-31,305.5
4.0,0.0,0.0,0.0,0.621,0.548,0.548,1.0,4.96,0.0,2.0,0.0,0.0,0.0,0.0,0.0,0.0,0.0,0.0,0.0,0.0,0.0,0.0,0.0,0.0,0.0,0.0,True,2026-03-31,367.0
5.0,3.0,16.0,0.0,0.886,0.817,0.817,1.0,4.91,89.0,5.0,0.0,0.0,0.0,0.0,0.0,0.0,0.0,0.0,0.0,0.0,0.0,0.0,0.0,0.0,0.0,0.0,True,2026-03-31,696.0
4.0,2.0,12.0,0.0,0.567,0.567,0.567,1.0,4.98,309.0,6.0,0.0,0.0,0.0,0.0,0.0,0.0,0.0,0.0,0.0,0.0,0.0,0.0,0.0,0.0,0.0,0.0,True,2026-03-31,311.0
4.0,3.0,14.0,0.0,0.567,0.567,0.567,1.0,4.75,20.0,3.0,0.0,0.0,0.0,0.0,0.0,0.0,0.0,0.0,0.0,0.0,0.0,0.0,0.0,0.0,0.0,0.0,True,2026-03-31,262.0
4.0,2.0,10.0,0.0,0.593,0.558,0.558,1.0,4.97,112.0,3.0,0.0,0.0,0.0,0.0,0.0,0.0,0.0,0.0,0.0,0.0,0.0,0.0,0.0,0.0,0.0,0.0,True,2026-03-31,381.0
4.0,0.0,0.0,0.0,0.567,0.567,0.567,0.0,4.95,0.0,1.0,0.0,0.0,0.0,0.0,0.0,0.0,0.0,0.0,0.0,0.0,0.0,0.0,0.0,0.0,0.0,0.0,True,2026-03-31,745.0
4.0,0.0,0.0,0.0,0.558,0.558,0.558,1.0,4.87,0.0,1.0,0.0,0.0,0.0,0.0,0.0,0.0,0.0,0.0,0.0,0.0,0.0,0.0,0.0,0.0,0.0,0.0,True,2026-03-31,395.5
2.0,2.0,5.0,0.0,0.686,0.686,0.686,1.0,4.82,56.0,2.0,0.0,0.0,0.0,0.0,0.0,0.0,0.0,0.0,0.0,0.0,0.0,0.0,0.0,0.0,0.0,0.0,True,2026-03-31,215.0
2.0,0.0,0.0,0.0,0.567,0.567,0.567,1.0,4.81,0.0,1.0,0.0,0.0,0.0,0.0,0.0,0.0,0.0,0.0,0.0,0.0,0.0,0.0,0.0,0.0,0.0,0.0,True,2026-03-31,316.5
2.0,0.0,0.0,0.0,0.567,0.567,0.567,1.0,4.88,0.0,1.0,0.0,0.0,0.0,0.0,0.0,0.0,0.0,0.0,0.0,0.0,0.0,0.0,0.0,0.0,0.0,0.0,True,2026-03-31,351.0
2.0,1.0,5.0,0.0,0.98,0.98,0.98,1.0,4.91,174.0,6.0,0.0,0.0,0.0,0.0,0.0,0.0,0.0,0.0,0.0,0.0,0.0,0.0,0.0,0.0,0.0,0.0,True,2026-03-31,375.0
4.0,3.0,14.0,0.0,0.567,0.567,0.567,1.0,5.0,13.0,5.0,0.0,0.0,0.0,0.0,0.0,0.0,0.0,0.0,0.0,0.0,0.0,0.0,0.0,0.0,0.0,0.0,True,2026-03-31,854.0
4.0,3.0,14.0,0.0,0.567,0.567,0.567,1.0,4.79,53.0,5.0,0.0,0.0,0.0,0.0,0.0,0.0,0.0,0.0,0.0,0.0,0.0,0.0,0.0,0.0,0.0,0.0,True,2026-03-31,445.5
4.0,0.0,0.0,0.0,0.567,0.567,0.567,1.0,4.98,0.0,2.0,0.0,0.0,0.0,0.0,0.0,0.0,0.0,0.0,0.0,0.0,0.0,0.0,0.0,0.0,0.0,0.0,True,2026-03-31,175.0
4.0,3.0,14.0,0.0,0.98,0.98,0.98,1.0,4.89,80.0,5.0,0.0,0.0,0.0,0.0,0.0,0.0,0.0,0.0,0.0,0.0,0.0,0.0,0.0,0.0,0.0,0.0,True,2026-03-31,415.0
4.0,3.0,16.0,0.0,0.567,0.567,0.567,0.0,4.72,32.0,5.0,0.0,0.0,0.0,0.0,0.0,0.0,0.0,0.0,0.0,0.0,0.0,0.0,0.0,0.0,0.0,0.0,True,2026-03-31,1121.5
4.0,3.0,13.0,0.0,0.567,0.567,0.567,1.0,4.8,49.0,5.0,0.0,0.0,0.0,0.0,0.0,0.0,0.0,0.0,0.0,0.0,0.0,0.0,0.0,0.0,0.0,0.0,True,2026-03-31,491.0
4.0,0.0,0.0,0.0,0.567,0.567,0.567,1.0,4.94,0.0,3.0,0.0,0.0,0.0,0.0,0.0,0.0,0.0,0.0,0.0,0.0,0.0,0.0,0.0,0.0,0.0,0.0,True,2026-03-31,374.5
4.0,0.0,0.0,0.0,0.546,0.546,0.546,1.0,4.65,0.0,1.0,0.0,0.0,0.0,0.0,0.0,0.0,0.0,0.0,0.0,0.0,0.0,0.0,0.0,0.0,0.0,0.0,True,2026-03-31,728.5
4.0,3.5,14.0,0.0,0.546,0.546,0.546,1.0,5.0,6.0,7.0,0.0,0.0,0.0,0.0,0.0,0.0,0.0,0.0,0.0,0.0,0.0,0.0,0.0,0.0,0.0,0.0,True,2026-03-31,551.5
4.0,2.0,16.0,0.0,0.554,0.554,0.554,1.0,4.91,191.0,7.0,0.0,0.0,0.0,0.0,0.0,0.0,0.0,0.0,0.0,0.0,0.0,0.0,0.0,0.0,0.0,0.0,True,2026-03-31,472.5
4.0,0.0,0.0,0.0,0.567,0.567,0.567,1.0,4.98,0.0,4.0,0.0,0.0,0.0,0.0,0.0,0.0,0.0,0.0,0.0,0.0,0.0,0.0,0.0,0.0,0.0,0.0,True,2026-03-31,564.0
4.0,2.0,16.0,0.0,0.546,0.546,0.546,0.0,5.0,0.0,7.0,0.0,0.0,0.0,0.0,0.0,0.0,0.0,0.0,0.0,0.0,0.0,0.0,0.0,0.0,0.0,0.0,True,2026-03-31,913.0
4.0,0.0,0.0,0.0,0.546,0.546,0.546,1.0,4.84,0.0,5.0,0.0,0.0,0.0,0.0,0.0,0.0,0.0,0.0,0.0,0.0,0.0,0.0,0.0,0.0,0.0,0.0,True,2026-03-31,473.0
4.0,3.0,14.0,0.0,0.567,0.567,0.567,1.0,4.89,80.0,5.0,0.0,0.0,0.0,0.0,0.0,0.0,0.0,0.0,0.0,0.0,0.0,0.0,0.0,0.0,0.0,0.0,True,2026-03-31,447.0
4.0,0.0,0.0,0.0,0.567,0.567,0.567,1.0,4.98,0.0,5.0,0.0,0.0,0.0,0.0,0.0,0.0,0.0,0.0,0.0,0.0,0.0,0.0,0.0,0.0,0.0,0.0,True,2026-03-31,517.0
4.0,3.0,14.0,0.0,0.567,0.567,0.567,1.0,4.75,8.0,6.0,0.0,0.0,0.0,0.0,0.0,0.0,0.0,0.0,0.0,0.0,0.0,0.0,0.0,0.0,0.0,0.0,True,2026-03-31,857.5
4.0,3.0,16.0,0.0,0.567,0.567,0.567,0.0,4.72,32.0,7.0,0.0,0.0,0.0,0.0,0.0,0.0,0.0,0.0,0.0,0.0,0.0,0.0,0.0,0.0,0.0,0.0,True,2026-03-31,1292.5
4.0,0.0,14.0,0.0,0.546,0.546,0.546,1.0,5.0,0.0,6.0,0.0,0.0,0.0,0.0,0.0,0.0,0.0,0.0,0.0,0.0,0.0,0.0,0.0,0.0,0.0,0.0,True,2026-03-31,913.0
4.0,3.0,14.0,0.0,0.567,0.567,0.567,1.0,4.79,53.0,6.0,0.0,0.0,0.0,0.0,0.0,0.0,0.0,0.0,0.0,0.0,0.0,0.0,0.0,0.0,0.0,0.0,True,2026-03-31,559.5
4.0,0.0,0.0,0.0,0.546,0.546,0.546,1.0,4.92,0.0,6.0,0.0,0.0,0.0,0.0,0.0,0.0,0.0,0.0,0.0,0.0,0.0,0.0,0.0,0.0,0.0,0.0,True,2026-03-31,753.0
5.0,3.0,0.0,0.0,0.527,0.527,0.527,1.0,4.97,0.0,1.0,0.0,0.0,0.0,0.0,0.0,0.0,0.0,0.0,0.0,0.0,0.0,0.0,0.0,0.0,0.0,0.0,True,2026-03-31,523.5
5.0,3.0,0.0,0.0,0.507,0.507,0.507,1.0,4.96,0.0,1.0,0.0,0.0,0.0,0.0,0.0,0.0,0.0,0.0,0.0,0.0,0.0,0.0,0.0,0.0,0.0,0.0,True,2026-03-31,764.0
5.0,3.5,0.0,0.0,0.475,0.475,0.475,1.0,3.5,0.0,1.0,0.0,0.0,0.0,0.0,0.0,0.0,0.0,0.0,0.0,0.0,0.0,0.0,0.0,0.0,0.0,0.0,True,2026-03-31,587.5
5.0,0.0,0.0,0.0,0.429,0.429,0.429,1.0,4.92,0.0,1.0,0.0,0.0,0.0,0.0,0.0,0.0,0.0,0.0,0.0,0.0,0.0,0.0,0.0,0.0,0.0,0.0,True,2026-03-31,395.0
5.0,0.0,0.0,0.0,0.417,0.417,0.417,1.0,4.83,0.0,1.0,0.0,0.0,0.0,0.0,0.0,0.0,0.0,0.0,0.0,0.0,0.0,0.0,0.0,0.0,0.0,0.0,True,2026-03-31,518.5
5.0,0.0,0.0,0.0,0.417,0.417,0.417,1.0,4.85,0.0,1.0,0.0,0.0,0.0,0.0,0.0,0.0,0.0,0.0,0.0,0.0,0.0,0.0,0.0,0.0,0.0,0.0,True,2026-03-31,462.5
1.0,1.0,2.0,0.0,0.653,0.653,0.653,1.0,4.94,338.0,1.0,0.0,0.0,0.0,0.0,0.0,0.0,0.0,0.0,0.0,0.0,0.0,0.0,0.0,0.0,0.0,0.0,True,2026-03-31,157.0
4.0,3.0,14.0,0.0,0.567,0.567,0.567,1.0,4.75,20.0,6.0,0.0,0.0,0.0,0.0,0.0,0.0,0.0,0.0,0.0,0.0,0.0,0.0,0.0,0.0,0.0,0.0,True,2026-03-31,262.0
5.0,2.0,0.0,0.0,0.44,0.44,0.44,1.0,5.0,0.0,2.0,0.0,0.0,0.0,0.0,0.0,0.0,0.0,0.0,0.0,0.0,0.0,0.0,0.0,0.0,0.0,0.0,True,2026-03-31,474.0
5.0,0.0,0.0,0.0,0.417,0.417,0.417,1.0,4.97,0.0,2.0,0.0,0.0,0.0,0.0,0.0,0.0,0.0,0.0,0.0,0.0,0.0,0.0,0.0,0.0,0.0,0.0,True,2026-03-31,580.0
4.0,0.0,0.0,0.0,0.545,0.537,0.537,1.0,4.97,0.0,3.0,0.0,0.0,0.0,0.0,0.0,0.0,0.0,0.0,0.0,0.0,0.0,0.0,0.0,0.0,0.0,0.0,True,2026-03-31,645.0
1.0,1.0,4.0,0.0,0.621,0.621,0.621,1.0,4.87,247.0,1.0,0.0,0.0,0.0,0.0,0.0,0.0,0.0,0.0,0.0,0.0,0.0,0.0,0.0,0.0,0.0,0.0,True,2026-03-31,136.0
1.0,1.0,2.0,0.0,0.621,0.621,0.621,1.0,4.98,46.0,1.0,0.0,0.0,0.0,0.0,0.0,0.0,0.0,0.0,0.0,0.0,0.0,0.0,0.0,0.0,0.0,0.0,True,2026-03-31,171.5
1.0,1.0,4.0,0.0,0.621,0.621,0.621,1.0,4.97,200.0,1.0,0.0,0.0,0.0,0.0,0.0,0.0,0.0,0.0,0.0,0.0,0.0,0.0,0.0,0.0,0.0,0.0,True,2026-03-31,198.0
1.0,1.0,2.0,0.0,0.621,0.621,0.621,1.0,4.92,717.0,1.0,0.0,0.0,0.0,0.0,0.0,0.0,0.0,0.0,0.0,0.0,0.0,0.0,0.0,0.0,0.0,0.0,True,2026-03-31,130.5
1.0,1.0,2.0,0.0,0.621,0.621,0.621,1.0,4.95,19.0,1.0,0.0,0.0,0.0,0.0,0.0,0.0,0.0,0.0,0.0,0.0,0.0,0.0,0.0,0.0,0.0,0.0,True,2026-03-31,106.5
1.0,0.0,0.0,0.0,0.621,0.621,0.621,1.0,4.94,0.0,1.0,0.0,0.0,0.0,0.0,0.0,0.0,0.0,0.0,0.0,0.0,0.0,0.0,0.0,0.0,0.0,0.0,True,2026-03-31,143.5
1.0,0.0,0.0,0.0,0.621,0.621,0.621,1.0,5.0,0.0,1.0,0.0,0.0,0.0,0.0,0.0,0.0,0.0,0.0,0.0,0.0,0.0,0.0,0.0,0.0,0.0,0.0,True,2026-03-31,166.0
1.0,0.0,0.0,0.0,0.621,0.621,0.621,1.0,4.84,0.0,1.0,0.0,0.0,0.0,0.0,0.0,0.0,0.0,0.0,0.0,0.0,0.0,0.0,0.0,0.0,0.0,0.0,True,2026-03-31,213.5
1.0,0.0,0.0,0.0,0.621,0.621,0.621,1.0,5.0,0.0,1.0,0.0,0.0,0.0,0.0,0.0,0.0,0.0,0.0,0.0,0.0,0.0,0.0,0.0,0.0,0.0,0.0,True,2026-03-31,165.5
1.0,0.0,0.0,0.0,0.621,0.621,0.621,1.0,4.94,0.0,1.0,0.0,0.0,0.0,0.0,0.0,0.0,0.0,0.0,0.0,0.0,0.0,0.0,0.0,0.0,0.0,0.0,True,2026-03-31,78.5
1.0,0.0,0.0,0.0,0.621,0.621,0.621,1.0,4.68,0.0,1.0,0.0,0.0,0.0,0.0,0.0,0.0,0.0,0.0,0.0,0.0,0.0,0.0,0.0,0.0,0.0,0.0,True,2026-03-31,132.5
1.0,0.0,0.0,0.0,0.621,0.621,0.621,1.0,4.62,0.0,1.0,0.0,0.0,0.0,0.0,0.0,0.0,0.0,0.0,0.0,0.0,0.0,0.0,0.0,0.0,0.0,0.0,True,2026-03-31,211.0
1.0,0.0,0.0,0.0,0.621,0.621,0.621,1.0,4.86,0.0,1.0,0.0,0.0,0.0,0.0,0.0,0.0,0.0,0.0,0.0,0.0,0.0,0.0,0.0,0.0,0.0,0.0,True,2026-03-31,152.0
1.0,0.0,0.0,0.0,0.621,0.621,0.621,0.0,4.93,0.0,1.0,0.0,0.0,0.0,0.0,0.0,0.0,0.0,0.0,0.0,0.0,0.0,0.0,0.0,0.0,0.0,0.0,True,2026-03-31,190.5
4.0,0.0,0.0,0.0,0.567,0.567,0.567,1.0,5.0,0.0,1.0,0.0,0.0,0.0,0.0,0.0,0.0,0.0,0.0,0.0,0.0,0.0,0.0,0.0,0.0,0.0,0.0,True,2026-03-31,680.5
4.0,0.0,0.0,0.0,0.567,0.567,0.567,1.0,4.95,0.0,1.0,0.0,0.0,0.0,0.0,0.0,0.0,0.0,0.0,0.0,0.0,0.0,0.0,0.0,0.0,0.0,0.0,True,2026-03-31,581.5
4.0,0.0,0.0,0.0,0.567,0.567,0.567,1.0,4.88,0.0,1.0,0.0,0.0,0.0,0.0,0.0,0.0,0.0,0.0,0.0,0.0,0.0,0.0,0.0,0.0,0.0,0.0,True,2026-03-31,555.0
4.0,0.0,0.0,0.0,0.567,0.567,0.567,1.0,5.0,0.0,1.0,0.0,0.0,0.0,0.0,0.0,0.0,0.0,0.0,0.0,0.0,0.0,0.0,0.0,0.0,0.0,0.0,True,2026-03-31,411.0
4.0,0.0,0.0,0.0,0.567,0.567,0.567,1.0,4.95,0.0,1.0,0.0,0.0,0.0,0.0,0.0,0.0,0.0,0.0,0.0,0.0,0.0,0.0,0.0,0.0,0.0,0.0,True,2026-03-31,337.0
4.0,0.0,0.0,0.0,0.567,0.567,0.567,1.0,4.89,0.0,1.0,0.0,0.0,0.0,0.0,0.0,0.0,0.0,0.0,0.0,0.0,0.0,0.0,0.0,0.0,0.0,0.0,True,2026-03-31,310.0
4.0,0.0,0.0,0.0,0.567,0.567,0.567,1.0,4.87,0.0,1.0,0.0,0.0,0.0,0.0,0.0,0.0,0.0,0.0,0.0,0.0,0.0,0.0,0.0,0.0,0.0,0.0,True,2026-03-31,408.0
4.0,0.0,0.0,0.0,0.567,0.567,0.567,0.0,4.98,0.0,1.0,0.0,0.0,0.0,0.0,0.0,0.0,0.0,0.0,0.0,0.0,0.0,0.0,0.0,0.0,0.0,0.0,True,2026-03-31,723.5
4.0,0.0,0.0,0.0,0.567,0.567,0.567,1.0,5.0,0.0,1.0,0.0,0.0,0.0,0.0,0.0,0.0,0.0,0.0,0.0,0.0,0.0,0.0,0.0,0.0,0.0,0.0,True,2026-03-31,485.5
4.0,0.0,0.0,0.0,0.567,0.567,0.567,1.0,5.0,0.0,1.0,0.0,0.0,0.0,0.0,0.0,0.0,0.0,0.0,0.0,0.0,0.0,0.0,0.0,0.0,0.0,0.0,True,2026-03-31,650.0
4.0,0.0,0.0,0.0,0.567,0.567,0.567,1.0,5.0,0.0,1.0,0.0,0.0,0.0,0.0,0.0,0.0,0.0,0.0,0.0,0.0,0.0,0.0,0.0,0.0,0.0,0.0,True,2026-03-31,511.0
4.0,0.0,0.0,0.0,0.567,0.567,0.567,1.0,4.94,0.0,2.0,0.0,0.0,0.0,0.0,0.0,0.0,0.0,0.0,0.0,0.0,0.0,0.0,0.0,0.0,0.0,0.0,True,2026-03-31,442.5
4.0,0.0,0.0,0.0,0.567,0.567,0.567,1.0,0.0,0.0,2.0,0.0,0.0,0.0,0.0,0.0,0.0,0.0,0.0,0.0,0.0,0.0,0.0,0.0,0.0,0.0,0.0,True,2026-03-31,457.5
4.0,0.0,0.0,0.0,0.567,0.567,0.567,1.0,4.8,0.0,1.0,0.0,0.0,0.0,0.0,0.0,0.0,0.0,0.0,0.0,0.0,0.0,0.0,0.0,0.0,0.0,0.0,True,2026-03-31,502.0
5.0,0.0,0.0,0.0,0.429,0.429,0.429,1.0,4.89,0.0,1.0,0.0,0.0,0.0,0.0,0.0,0.0,0.0,0.0,0.0,0.0,0.0,0.0,0.0,0.0,0.0,0.0,True,2026-03-31,285.5
3.0,0.0,0.0,0.0,0.429,0.429,0.429,1.0,4.97,0.0,1.0,0.0,0.0,0.0,0.0,0.0,0.0,0.0,0.0,0.0,0.0,0.0,0.0,0.0,0.0,0.0,0.0,True,2026-03-31,473.0
4.0,4.0,8.0,0.0,0.657,0.657,0.657,1.0,4.84,80.0,2.0,0.0,0.0,0.0,0.0,0.0,0.0,0.0,0.0,0.0,0.0,0.0,0.0,0.0,0.0,0.0,0.0,True,2026-03-31,574.0
4.0,3.0,8.0,0.0,0.579,0.579,0.579,1.0,4.71,412.0,1.0,0.0,0.0,0.0,0.0,0.0,0.0,0.0,0.0,0.0,0.0,0.0,0.0,0.0,0.0,0.0,0.0,True,2026-03-31,300.5
4.0,3.0,10.0,0.0,0.579,0.579,0.579,1.0,4.8,340.0,1.0,0.0,0.0,0.0,0.0,0.0,0.0,0.0,0.0,0.0,0.0,0.0,0.0,0.0,0.0,0.0,0.0,True,2026-03-31,346.0
4.0,2.5,8.0,0.0,0.579,0.579,0.579,1.0,4.92,84.0,1.0,0.0,0.0,0.0,0.0,0.0,0.0,0.0,0.0,0.0,0.0,0.0,0.0,0.0,0.0,0.0,0.0,True,2026-03-31,454.5
4.0,2.5,10.0,0.0,0.579,0.579,0.579,1.0,4.97,183.0,1.0,0.0,0.0,0.0,0.0,0.0,0.0,0.0,0.0,0.0,0.0,0.0,0.0,0.0,0.0,0.0,0.0,True,2026-03-31,416.5
4.0,2.0,8.0,0.0,0.579,0.579,0.579,1.0,4.83,167.0,1.0,0.0,0.0,0.0,0.0,0.0,0.0,0.0,0.0,0.0,0.0,0.0,0.0,0.0,0.0,0.0,0.0,True,2026-03-31,383.0
4.0,0.0,0.0,0.0,0.579,0.579,0.579,1.0,4.8,0.0,1.0,0.0,0.0,0.0,0.0,0.0,0.0,0.0,0.0,0.0,0.0,0.0,0.0,0.0,0.0,0.0,0.0,True,2026-03-31,346.5
4.0,0.0,0.0,0.0,0.579,0.579,0.579,1.0,4.95,0.0,1.0,0.0,0.0,0.0,0.0,0.0,0.0,0.0,0.0,0.0,0.0,0.0,0.0,0.0,0.0,0.0,0.0,True,2026-03-31,458.0
4.0,0.0,0.0,0.0,0.579,0.579,0.579,1.0,4.86,0.0,1.0,0.0,0.0,0.0,0.0,0.0,0.0,0.0,0.0,0.0,0.0,0.0,0.0,0.0,0.0,0.0,0.0,True,2026-03-31,545.5
4.0,0.0,0.0,0.0,0.579,0.579,0.579,1.0,4.95,0.0,1.0,0.0,0.0,0.0,0.0,0.0,0.0,0.0,0.0,0.0,0.0,0.0,0.0,0.0,0.0,0.0,0.0,True,2026-03-31,430.0
4.0,0.0,0.0,0.0,0.579,0.579,0.579,1.0,4.92,0.0,1.0,0.0,0.0,0.0,0.0,0.0,0.0,0.0,0.0,0.0,0.0,0.0,0.0,0.0,0.0,0.0,0.0,True,2026-03-31,353.5
4.0,0.0,0.0,0.0,0.579,0.579,0.579,1.0,4.91,0.0,1.0,0.0,0.0,0.0,0.0,0.0,0.0,0.0,0.0,0.0,0.0,0.0,0.0,0.0,0.0,0.0,0.0,True,2026-03-31,532.0
4.0,0.0,0.0,0.0,0.579,0.579,0.579,1.0,4.93,0.0,1.0,0.0,0.0,0.0,0.0,0.0,0.0,0.0,0.0,0.0,0.0,0.0,0.0,0.0,0.0,0.0,0.0,True,2026-03-31,501.0
2.0,2.0,0.0,0.0,0.686,0.686,0.686,1.0,4.78,0.0,1.0,0.0,0.0,0.0,0.0,0.0,0.0,0.0,0.0,0.0,0.0,0.0,0.0,0.0,0.0,0.0,0.0,True,2026-03-31,435.67
3.0,2.5,0.0,0.0,0.475,0.475,0.475,1.0,2.5,0.0,1.0,0.0,0.0,0.0,0.0,0.0,0.0,0.0,0.0,0.0,0.0,0.0,0.0,0.0,0.0,0.0,0.0,True,2026-03-31,344.0
3.0,0.0,0.0,0.0,0.417,0.417,0.417,1.0,4.93,0.0,1.0,0.0,0.0,0.0,0.0,0.0,0.0,0.0,0.0,0.0,0.0,0.0,0.0,0.0,0.0,0.0,0.0,True,2026-03-31,334.0
3.0,0.0,0.0,0.0,0.417,0.417,0.417,1.0,4.87,0.0,1.0,0.0,0.0,0.0,0.0,0.0,0.0,0.0,0.0,0.0,0.0,0.0,0.0,0.0,0.0,0.0,0.0,True,2026-03-31,269.0
3.0,0.0,0.0,0.0,0.417,0.417,0.417,1.0,4.85,0.0,1.0,0.0,0.0,0.0,0.0,0.0,0.0,0.0,0.0,0.0,0.0,0.0,0.0,0.0,0.0,0.0,0.0,True,2026-03-31,460.0
3.0,0.0,0.0,0.0,0.417,0.417,0.417,1.0,4.96,0.0,1.0,0.0,0.0,0.0,0.0,0.0,0.0,0.0,0.0,0.0,0.0,0.0,0.0,0.0,0.0,0.0,0.0,True,2026-03-31,501.0
3.0,0.0,0.0,0.0,0.417,0.417,0.417,1.0,4.83,0.0,1.0,0.0,0.0,0.0,0.0,0.0,0.0,0.0,0.0,0.0,0.0,0.0,0.0,0.0,0.0,0.0,0.0,True,2026-03-31,391.0
3.0,0.0,0.0,0.0,0.417,0.417,0.417,1.0,4.76,0.0,1.0,0.0,0.0,0.0,0.0,0.0,0.0,0.0,0.0,0.0,0.0,0.0,0.0,0.0,0.0,0.0,0.0,True,2026-03-31,299.0
3.0,0.0,0.0,0.0,0.567,0.567,0.567,1.0,4.92,0.0,2.0,0.0,0.0,0.0,0.0,0.0,0.0,0.0,0.0,0.0,0.0,0.0,0.0,0.0,0.0,0.0,0.0,True,2026-03-31,363.5
3.0,2.0,0.0,0.0,0.686,0.686,0.686,1.0,5.0,0.0,1.0,0.0,0.0,0.0,0.0,0.0,0.0,0.0,0.0,0.0,0.0,0.0,0.0,0.0,0.0,0.0,0.0,True,2026-03-31,296.5
3.0,0.0,0.0,0.0,0.567,0.567,0.567,1.0,4.67,0.0,1.0,0.0,0.0,0.0,0.0,0.0,0.0,0.0,0.0,0.0,0.0,0.0,0.0,0.0,0.0,0.0,0.0,True,2026-03-31,430.5
3.0,0.0,0.0,0.0,0.567,0.567,0.567,1.0,4.97,0.0,1.0,0.0,0.0,0.0,0.0,0.0,0.0,0.0,0.0,0.0,0.0,0.0,0.0,0.0,0.0,0.0,0.0,True,2026-03-31,314.0
3.0,0.0,0.0,0.0,0.567,0.567,0.567,1.0,4.88,0.0,1.0,0.0,0.0,0.0,0.0,0.0,0.0,0.0,0.0,0.0,0.0,0.0,0.0,0.0,0.0,0.0,0.0,True,2026-03-31,374.0
2.0,0.0,0.0,0.0,0.537,0.537,0.537,1.0,4.91,0.0,2.0,0.0,0.0,0.0,0.0,0.0,0.0,0.0,0.0,0.0,0.0,0.0,0.0,0.0,0.0,0.0,0.0,True,2026-03-31,375.0
2.0,2.0,0.0,0.0,0.686,0.686,0.686,1.0,4.78,0.0,1.0,0.0,0.0,0.0,0.0,0.0,0.0,0.0,0.0,0.0,0.0,0.0,0.0,0.0,0.0,0.0,0.0,True,2026-03-31,435.67
2.0,1.0,0.0,0.0,0.576,0.576,0.576,1.0,4.6,0.0,1.0,0.0,0.0,0.0,0.0,0.0,0.0,0.0,0.0,0.0,0.0,0.0,0.0,0.0,0.0,0.0,0.0,True,2026-03-31,290.0
3.0,2.0,0.0,0.0,0.536,0.536,0.536,1.0,4.69,0.0,1.0,0.0,0.0,0.0,0.0,0.0,0.0,0.0,0.0,0.0,0.0,0.0,0.0,0.0,0.0,0.0,0.0,True,2026-03-31,365.0
3.0,2.0,0.0,0.0,0.536,0.536,0.536,1.0,4.8,0.0,1.0,0.0,0.0,0.0,0.0,0.0,0.0,0.0,0.0,0.0,0.0,0.0,0.0,0.0,0.0,0.0,0.0,True,2026-03-31,485.0
3.0,2.5,0.0,0.0,0.475,0.475,0.475,1.0,2.5,0.0,1.0,0.0,0.0,0.0,0.0,0.0,0.0,0.0,0.0,0.0,0.0,0.0,0.0,0.0,0.0,0.0,0.0,True,2026-03-31,380.0
3.0,0.0,0.0,0.0,0.429,0.429,0.429,1.0,4.93,0.0,1.0,0.0,0.0,0.0,0.0,0.0,0.0,0.0,0.0,0.0,0.0,0.0,0.0,0.0,0.0,0.0,0.0,True,2026-03-31,334.0
3.0,0.0,0.0,0.0,0.429,0.429,0.429,1.0,5.0,0.0,1.0,0.0,0.0,0.0,0.0,0.0,0.0,0.0,0.0,0.0,0.0,0.0,0.0,0.0,0.0,0.0,0.0,True,2026-03-31,386.5
3.0,0.0,0.0,0.0,0.429,0.429,0.429,1.0,4.73,0.0,1.0,0.0,0.0,0.0,0.0,0.0,0.0,0.0,0.0,0.0,0.0,0.0,0.0,0.0,0.0,0.0,0.0,True,2026-03-31,294.0
3.0,0.0,0.0,0.0,0.417,0.417,0.417,1.0,4.87,0.0,1.0,0.0,0.0,0.0,0.0,0.0,0.0,0.0,0.0,0.0,0.0,0.0,0.0,0.0,0.0,0.0,0.0,True,2026-03-31,269.0
3.0,0.0,0.0,0.0,0.417,0.417,0.417,1.0,4.76,0.0,1.0,0.0,0.0,0.0,0.0,0.0,0.0,0.0,0.0,0.0,0.0,0.0,0.0,0.0,0.0,0.0,0.0,True,2026-03-31,299.0
3.0,0.0,0.0,0.0,0.417,0.417,0.417,1.0,4.96,0.0,1.0,0.0,0.0,0.0,0.0,0.0,0.0,0.0,0.0,0.0,0.0,0.0,0.0,0.0,0.0,0.0,0.0,True,2026-03-31,501.0
3.0,0.0,0.0,0.0,0.417,0.417,0.417,1.0,4.83,0.0,1.0,0.0,0.0,0.0,0.0,0.0,0.0,0.0,0.0,0.0,0.0,0.0,0.0,0.0,0.0,0.0,0.0,True,2026-03-31,391.0
1.0,0.0,3.0,0.0,0.614,0.614,0.614,1.0,4.97,0.0,1.0,0.0,0.0,0.0,0.0,0.0,0.0,0.0,0.0,0.0,0.0,0.0,0.0,0.0,0.0,0.0,0.0,True,2026-03-31,144.0
1.0,0.0,0.0,0.0,0.567,0.567,0.567,1.0,4.99,0.0,1.0,0.0,0.0,0.0,0.0,0.0,0.0,0.0,0.0,0.0,0.0,0.0,0.0,0.0,0.0,0.0,0.0,True,2026-03-31,120.0
1.0,0.0,0.0,0.0,0.567,0.567,0.567,1.0,4.85,0.0,1.0,0.0,0.0,0.0,0.0,0.0,0.0,0.0,0.0,0.0,0.0,0.0,0.0,0.0,0.0,0.0,0.0,True,2026-03-31,143.0
1.0,0.0,0.0,0.0,0.567,0.567,0.567,1.0,4.99,0.0,1.0,0.0,0.0,0.0,0.0,0.0,0.0,0.0,0.0,0.0,0.0,0.0,0.0,0.0,0.0,0.0,0.0,True,2026-03-31,201.5
1.0,0.0,0.0,0.0,0.567,0.567,0.567,1.0,5.0,0.0,1.0,0.0,0.0,0.0,0.0,0.0,0.0,0.0,0.0,0.0,0.0,0.0,0.0,0.0,0.0,0.0,0.0,True,2026-03-31,221.5
1.0,0.0,0.0,0.0,0.567,0.567,0.567,1.0,4.87,0.0,1.0,0.0,0.0,0.0,0.0,0.0,0.0,0.0,0.0,0.0,0.0,0.0,0.0,0.0,0.0,0.0,0.0,True,2026-03-31,144.0
1.0,0.0,0.0,0.0,0.565,0.565,0.565,1.0,5.0,0.0,1.0,0.0,0.0,0.0,0.0,0.0,0.0,0.0,0.0,0.0,0.0,0.0,0.0,0.0,0.0,0.0,0.0,True,2026-03-31,217.0
2.0,0.0,0.0,0.0,0.415,0.415,0.415,1.0,4.96,0.0,1.0,0.0,0.0,0.0,0.0,0.0,0.0,0.0,0.0,0.0,0.0,0.0,0.0,0.0,0.0,0.0,0.0,True,2026-03-31,147.5
1.0,0.0,0.0,0.0,0.567,0.567,0.567,1.0,4.99,0.0,1.0,0.0,0.0,0.0,0.0,0.0,0.0,0.0,0.0,0.0,0.0,0.0,0.0,0.0,0.0,0.0,0.0,True,2026-03-31,143.5
1.0,1.0,3.0,0.0,0.686,0.686,0.686,1.0,4.92,209.0,2.0,0.0,0.0,0.0,0.0,0.0,0.0,0.0,0.0,0.0,0.0,0.0,0.0,0.0,0.0,0.0,0.0,True,2026-03-31,169.0
1.0,0.0,0.0,0.0,0.567,0.567,0.567,1.0,4.98,0.0,2.0,0.0,0.0,0.0,0.0,0.0,0.0,0.0,0.0,0.0,0.0,0.0,0.0,0.0,0.0,0.0,0.0,True,2026-03-31,113.0
1.0,1.0,4.0,0.0,0.686,0.686,0.686,1.0,4.98,327.0,1.0,0.0,0.0,0.0,0.0,0.0,0.0,0.0,0.0,0.0,0.0,0.0,0.0,0.0,0.0,0.0,0.0,True,2026-03-31,159.0
1.0,1.5,2.0,0.0,0.625,0.625,0.625,1.0,4.99,417.0,1.0,0.0,0.0,0.0,0.0,0.0,0.0,0.0,0.0,0.0,0.0,0.0,0.0,0.0,0.0,0.0,0.0,True,2026-03-31,206.0
1.0,1.0,3.0,0.0,0.576,0.576,0.576,1.0,4.97,777.0,1.0,0.0,0.0,0.0,0.0,0.0,0.0,0.0,0.0,0.0,0.0,0.0,0.0,0.0,0.0,0.0,0.0,True,2026-03-31,144.0
1.0,0.0,7.0,0.0,0.567,0.567,0.567,1.0,4.99,155.0,1.0,0.0,0.0,0.0,0.0,0.0,0.0,0.0,0.0,0.0,0.0,0.0,0.0,0.0,0.0,0.0,0.0,True,2026-03-31,143.5
1.0,0.0,0.0,0.0,0.567,0.567,0.567,1.0,4.99,0.0,1.0,0.0,0.0,0.0,0.0,0.0,0.0,0.0,0.0,0.0,0.0,0.0,0.0,0.0,0.0,0.0,0.0,True,2026-03-31,120.0
1.0,0.0,0.0,0.0,0.567,0.567,0.567,1.0,4.99,0.0,1.0,0.0,0.0,0.0,0.0,0.0,0.0,0.0,0.0,0.0,0.0,0.0,0.0,0.0,0.0,0.0,0.0,True,2026-03-31,201.5
1.0,0.0,0.0,0.0,0.567,0.567,0.567,1.0,5.0,0.0,1.0,0.0,0.0,0.0,0.0,0.0,0.0,0.0,0.0,0.0,0.0,0.0,0.0,0.0,0.0,0.0,0.0,True,2026-03-31,221.5
1.0,0.0,0.0,0.0,0.567,0.567,0.567,1.0,4.87,0.0,1.0,0.0,0.0,0.0,0.0,0.0,0.0,0.0,0.0,0.0,0.0,0.0,0.0,0.0,0.0,0.0,0.0,True,2026-03-31,144.0
1.0,0.0,0.0,0.0,0.567,0.567,0.567,1.0,4.85,0.0,1.0,0.0,0.0,0.0,0.0,0.0,0.0,0.0,0.0,0.0,0.0,0.0,0.0,0.0,0.0,0.0,0.0,True,2026-03-31,143.0
1.0,0.0,0.0,0.0,0.567,0.567,0.567,1.0,4.95,0.0,1.0,0.0,0.0,0.0,0.0,0.0,0.0,0.0,0.0,0.0,0.0,0.0,0.0,0.0,0.0,0.0,0.0,True,2026-03-31,147.5
1.0,0.0,0.0,0.0,0.567,0.567,0.567,1.0,4.93,0.0,1.0,0.0,0.0,0.0,0.0,0.0,0.0,0.0,0.0,0.0,0.0,0.0,0.0,0.0,0.0,0.0,0.0,True,2026-03-31,100.0
4.0,2.0,13.0,0.0,0.621,0.621,0.621,1.0,4.89,185.0,1.0,0.0,0.0,0.0,0.0,0.0,0.0,0.0,0.0,0.0,0.0,0.0,0.0,0.0,0.0,0.0,0.0,True,2026-03-31,341.5
4.0,2.0,16.0,0.0,0.621,0.621,0.621,0.0,5.0,0.0,2.0,0.0,0.0,0.0,0.0,0.0,0.0,0.0,0.0,0.0,0.0,0.0,0.0,0.0,0.0,0.0,0.0,True,2026-03-31,827.5
4.0,0.0,0.0,0.0,0.537,0.537,0.537,1.0,4.69,0.0,1.0,0.0,0.0,0.0,0.0,0.0,0.0,0.0,0.0,0.0,0.0,0.0,0.0,0.0,0.0,0.0,0.0,True,2026-03-31,542.0
4.0,3.5,14.0,0.0,0.567,0.537,0.537,1.0,4.97,122.0,2.0,0.0,0.0,0.0,0.0,0.0,0.0,0.0,0.0,0.0,0.0,0.0,0.0,0.0,0.0,0.0,0.0,True,2026-03-31,545.0
4.0,2.0,10.0,0.0,0.567,0.621,0.621,1.0,4.88,76.0,2.0,0.0,0.0,0.0,0.0,0.0,0.0,0.0,0.0,0.0,0.0,0.0,0.0,0.0,0.0,0.0,0.0,True,2026-03-31,269.5
4.0,3.5,14.0,0.0,0.565,0.537,0.537,1.0,5.0,6.0,3.0,0.0,0.0,0.0,0.0,0.0,0.0,0.0,0.0,0.0,0.0,0.0,0.0,0.0,0.0,0.0,0.0,True,2026-03-31,551.5
4.0,0.0,0.0,0.0,0.567,0.567,0.567,1.0,4.95,0.0,1.0,0.0,0.0,0.0,0.0,0.0,0.0,0.0,0.0,0.0,0.0,0.0,0.0,0.0,0.0,0.0,0.0,True,2026-03-31,302.0
4.0,0.0,0.0,0.0,0.567,0.567,0.567,1.0,4.91,0.0,1.0,0.0,0.0,0.0,0.0,0.0,0.0,0.0,0.0,0.0,0.0,0.0,0.0,0.0,0.0,0.0,0.0,True,2026-03-31,554.5
4.0,0.0,0.0,0.0,0.567,0.567,0.567,0.0,4.6,0.0,1.0,0.0,0.0,0.0,0.0,0.0,0.0,0.0,0.0,0.0,0.0,0.0,0.0,0.0,0.0,0.0,0.0,True,2026-03-31,839.5
1.0,1.0,2.0,1.0,5.0,0.0,0.0,0.0,0.0,0.0,0.0,0.0,0.0,0.0,0.0,0.0,0.0,0.0,0.0,0.0,0.0,0.0,0.0,0.0,0.0,0.0,0.0,True,2026-03-31,94.0
1.0,1.0,2.0,1.0,5.0,0.0,0.0,0.0,0.0,0.0,0.0,0.0,0.0,0.0,0.0,0.0,0.0,0.0,0.0,0.0,0.0,0.0,0.0,0.0,0.0,0.0,0.0,True,2026-04-01,105.0
1.0,1.0,2.0,1.0,5.0,0.0,0.0,0.0,0.0,0.0,0.0,0.0,0.0,0.0,0.0,0.0,0.0,0.0,0.0,0.0,0.0,0.0,0.0,0.0,0.0,0.0,0.0,True,2026-04-02,113.0
1.0,1.0,2.0,1.0,5.0,0.0,0.0,0.0,0.0,0.0,0.0,1.0,0.0,0.0,0.0,0.0,0.0,0.0,0.0,0.0,0.0,0.0,0.0,0.0,0.0,0.0,0.0,True,2026-04-03,130.0
1.0,1.0,2.0,1.0,5.0,0.0,0.0,0.0,0.0,0.0,0.0,1.0,0.0,0.0,0.0,0.0,0.0,0.0,0.0,0.0,0.0,0.0,0.0,0.0,0.0,0.0,0.0,True,2026-04-04,128.0
1.0,1.0,2.0,1.0,5.0,0.0,0.0,0.0,0.0,0.0,0.0,1.0,0.0,0.0,0.0,0.0,0.0,0.0,0.0,0.0,0.0,0.0,0.0,0.0,0.0,0.0,0.0,True,2026-04-05,121.0
1.0,1.0,2.0,1.0,5.0,0.0,0.0,0.0,0.0,0.0,0.0,0.0,0.0,0.0,0.0,0.0,0.0,0.0,0.0,0.0,0.0,0.0,0.0,0.0,0.0,0.0,0.0,True,2026-04-06,114.0
1.0,1.0,2.0,1.0,5.0,0.0,0.0,0.0,0.0,0.0,0.0,0.0,0.0,0.0,0.0,0.0,0.0,0.0,0.0,0.0,0.0,0.0,0.0,0.0,0.0,0.0,0.0,True,2026-04-07,119.0
1.0,1.0,2.0,1.0,5.0,0.0,0.0,0.0,0.0,0.0,0.0,0.0,0.0,0.0,0.0,0.0,0.0,0.0,0.0,0.0,0.0,0.0,0.0,0.0,0.0,0.0,0.0,True,2026-04-08,115.0
1.0,1.0,2.0,1.0,5.0,0.0,0.0,0.0,0.0,0.0,0.0,0.0,0.0,0.0,0.0,0.0,0.0,0.0,0.0,0.0,0.0,0.0,0.0,0.0,0.0,0.0,0.0,True,2026-04-09,123.0
1.0,1.0,2.0,1.0,5.0,0.0,0.0,0.0,0.0,0.0,0.0,1.0,0.0,0.0,0.0,0.0,0.0,0.0,0.0,0.0,0.0,0.0,0.0,0.0,0.0,0.0,0.0,True,2026-04-10,131.0
1.0,1.0,2.0,1.0,5.0,0.0,0.0,0.0,0.0,0.0,0.0,1.0,0.0,0.0,0.0,0.0,0.0,0.0,0.0,0.0,0.0,0.0,0.0,0.0,0.0,0.0,0.0,True,2026-04-11,133.0
1.0,1.0,2.0,1.0,5.0,0.0,0.0,0.0,0.0,0.0,0.0,1.0,0.0,0.0,0.0,0.0,0.0,0.0,0.0,0.0,0.0,0.0,0.0,0.0,0.0,0.0,0.0,True,2026-04-12,131.0
1.0,1.0,2.0,1.0,5.0,0.0,0.0,0.0,0.0,0.0,0.0,0.0,0.0,0.0,0.0,0.0,0.0,0.0,0.0,0.0,0.0,0.0,0.0,0.0,0.0,0.0,0.0,True,2026-04-13,134.0
1.0,1.0,2.0,1.0,5.0,0.0,0.0,0.0,0.0,0.0,0.0,0.0,0.0,0.0,0.0,0.0,0.0,0.0,0.0,0.0,0.0,0.0,0.0,0.0,0.0,0.0,0.0,True,2026-04-14,140.0
1.0,1.0,2.0,1.0,5.0,0.0,0.0,0.0,0.0,0.0,0.0,0.0,0.0,0.0,0.0,0.0,0.0,0.0,0.0,0.0,0.0,0.0,0.0,0.0,0.0,0.0,0.0,True,2026-04-15,147.0
1.0,1.0,2.0,1.0,5.0,0.0,0.0,0.0,0.0,0.0,0.0,0.0,0.0,0.0,0.0,0.0,0.0,0.0,0.0,0.0,0.0,0.0,0.0,0.0,0.0,0.0,0.0,True,2026-04-16,151.0
1.0,1.0,2.0,1.0,5.0,0.0,0.0,0.0,0.0,0.0,0.0,1.0,0.0,0.0,0.0,0.0,0.0,0.0,0.0,0.0,0.0,0.0,0.0,0.0,0.0,0.0,0.0,True,2026-04-17,154.0
1.0,1.0,2.0,1.0,5.0,0.0,0.0,0.0,0.0,0.0,0.0,1.0,0.0,0.0,0.0,0.0,0.0,0.0,0.0,0.0,0.0,0.0,0.0,0.0,0.0,0.0,0.0,True,2026-04-18,155.0
1.0,1.0,2.0,1.0,5.0,0.0,0.0,0.0,0.0,0.0,0.0,1.0,0.0,0.0,0.0,0.0,0.0,0.0,0.0,0.0,0.0,0.0,0.0,0.0,0.0,0.0,0.0,True,2026-04-19,143.0
1.0,1.0,2.0,1.0,5.0,0.0,0.0,0.0,0.0,0.0,0.0,0.0,0.0,0.0,0.0,0.0,0.0,0.0,0.0,0.0,0.0,0.0,0.0,0.0,0.0,0.0,0.0,True,2026-04-20,130.0
1.0,1.0,2.0,1.0,5.0,0.0,0.0,0.0,0.0,0.0,0.0,0.0,0.0,0.0,0.0,0.0,0.0,0.0,0.0,0.0,0.0,0.0,0.0,0.0,0.0,0.0,0.0,True,2026-04-21,131.0
1.0,1.0,2.0,1.0,5.0,0.0,0.0,0.0,0.0,0.0,0.0,0.0,0.0,0.0,0.0,0.0,0.0,0.0,0.0,0.0,0.0,0.0,0.0,0.0,0.0,0.0,0.0,True,2026-04-22,130.0
1.0,1.0,2.0,1.0,5.0,0.0,0.0,0.0,0.0,0.0,0.0,0.0,0.0,0.0,0.0,0.0,0.0,0.0,0.0,0.0,0.0,0.0,0.0,0.0,0.0,0.0,0.0,True,2026-04-23,140.0
1.0,1.0,2.0,1.0,5.0,0.0,0.0,0.0,0.0,0.0,0.0,1.0,0.0,0.0,0.0,0.0,0.0,0.0,0.0,0.0,0.0,0.0,0.0,0.0,0.0,0.0,0.0,True,2026-04-24,151.0
1.0,1.0,2.0,1.0,5.0,0.0,0.0,0.0,0.0,0.0,0.0,1.0,0.0,0.0,0.0,0.0,0.0,0.0,0.0,0.0,0.0,0.0,0.0,0.0,0.0,0.0,0.0,True,2026-04-25,148.0
1.0,1.0,2.0,1.0,5.0,0.0,0.0,0.0,0.0,0.0,0.0,1.0,0.0,0.0,0.0,0.0,0.0,0.0,0.0,0.0,0.0,0.0,0.0,0.0,0.0,0.0,0.0,True,2026-04-26,146.0
1.0,1.0,2.0,1.0,5.0,0.0,0.0,0.0,0.0,0.0,0.0,0.0,0.0,0.0,0.0,0.0,0.0,0.0,0.0,0.0,0.0,0.0,0.0,0.0,0.0,0.0,0.0,True,2026-04-27,138.0
1.0,1.0,2.0,1.0,5.0,0.0,0.0,0.0,0.0,0.0,0.0,0.0,0.0,0.0,0.0,0.0,0.0,0.0,0.0,0.0,0.0,0.0,0.0,0.0,0.0,0.0,0.0,True,2026-04-28,133.0
